#
# TABLE STRUCTURE FOR: communities
#

DROP TABLE IF EXISTS `communities`;

CREATE TABLE `communities` (
  `id` int(10) unsigned NOT NULL AUTO_INCREMENT COMMENT 'Идентификатор сроки',
  `name` varchar(150) COLLATE utf8_unicode_ci NOT NULL,
  PRIMARY KEY (`id`),
  UNIQUE KEY `name` (`name`)
) ENGINE=InnoDB AUTO_INCREMENT=101 DEFAULT CHARSET=utf8 COLLATE=utf8_unicode_ci;

INSERT INTO `communities` (`id`, `name`) VALUES (70, 'a');
INSERT INTO `communities` (`id`, `name`) VALUES (12, 'accusantium');
INSERT INTO `communities` (`id`, `name`) VALUES (81, 'adipisci');
INSERT INTO `communities` (`id`, `name`) VALUES (89, 'aliquid');
INSERT INTO `communities` (`id`, `name`) VALUES (24, 'animi');
INSERT INTO `communities` (`id`, `name`) VALUES (56, 'aperiam');
INSERT INTO `communities` (`id`, `name`) VALUES (25, 'asperiores');
INSERT INTO `communities` (`id`, `name`) VALUES (97, 'aspernatur');
INSERT INTO `communities` (`id`, `name`) VALUES (72, 'assumenda');
INSERT INTO `communities` (`id`, `name`) VALUES (71, 'at');
INSERT INTO `communities` (`id`, `name`) VALUES (44, 'atque');
INSERT INTO `communities` (`id`, `name`) VALUES (5, 'aut');
INSERT INTO `communities` (`id`, `name`) VALUES (34, 'autem');
INSERT INTO `communities` (`id`, `name`) VALUES (22, 'blanditiis');
INSERT INTO `communities` (`id`, `name`) VALUES (67, 'consectetur');
INSERT INTO `communities` (`id`, `name`) VALUES (6, 'consequatur');
INSERT INTO `communities` (`id`, `name`) VALUES (49, 'consequuntur');
INSERT INTO `communities` (`id`, `name`) VALUES (74, 'culpa');
INSERT INTO `communities` (`id`, `name`) VALUES (43, 'cum');
INSERT INTO `communities` (`id`, `name`) VALUES (50, 'cumque');
INSERT INTO `communities` (`id`, `name`) VALUES (29, 'debitis');
INSERT INTO `communities` (`id`, `name`) VALUES (48, 'delectus');
INSERT INTO `communities` (`id`, `name`) VALUES (59, 'deleniti');
INSERT INTO `communities` (`id`, `name`) VALUES (14, 'distinctio');
INSERT INTO `communities` (`id`, `name`) VALUES (39, 'dolor');
INSERT INTO `communities` (`id`, `name`) VALUES (60, 'dolore');
INSERT INTO `communities` (`id`, `name`) VALUES (42, 'dolorem');
INSERT INTO `communities` (`id`, `name`) VALUES (3, 'dolores');
INSERT INTO `communities` (`id`, `name`) VALUES (8, 'doloribus');
INSERT INTO `communities` (`id`, `name`) VALUES (46, 'ea');
INSERT INTO `communities` (`id`, `name`) VALUES (1, 'earum');
INSERT INTO `communities` (`id`, `name`) VALUES (17, 'eligendi');
INSERT INTO `communities` (`id`, `name`) VALUES (82, 'enim');
INSERT INTO `communities` (`id`, `name`) VALUES (99, 'eos');
INSERT INTO `communities` (`id`, `name`) VALUES (4, 'error');
INSERT INTO `communities` (`id`, `name`) VALUES (87, 'esse');
INSERT INTO `communities` (`id`, `name`) VALUES (61, 'est');
INSERT INTO `communities` (`id`, `name`) VALUES (95, 'et');
INSERT INTO `communities` (`id`, `name`) VALUES (64, 'excepturi');
INSERT INTO `communities` (`id`, `name`) VALUES (91, 'exercitationem');
INSERT INTO `communities` (`id`, `name`) VALUES (68, 'expedita');
INSERT INTO `communities` (`id`, `name`) VALUES (90, 'facilis');
INSERT INTO `communities` (`id`, `name`) VALUES (93, 'fuga');
INSERT INTO `communities` (`id`, `name`) VALUES (19, 'id');
INSERT INTO `communities` (`id`, `name`) VALUES (13, 'illum');
INSERT INTO `communities` (`id`, `name`) VALUES (7, 'in');
INSERT INTO `communities` (`id`, `name`) VALUES (76, 'incidunt');
INSERT INTO `communities` (`id`, `name`) VALUES (28, 'ipsam');
INSERT INTO `communities` (`id`, `name`) VALUES (52, 'ipsum');
INSERT INTO `communities` (`id`, `name`) VALUES (62, 'iste');
INSERT INTO `communities` (`id`, `name`) VALUES (96, 'itaque');
INSERT INTO `communities` (`id`, `name`) VALUES (10, 'laborum');
INSERT INTO `communities` (`id`, `name`) VALUES (80, 'laudantium');
INSERT INTO `communities` (`id`, `name`) VALUES (53, 'magnam');
INSERT INTO `communities` (`id`, `name`) VALUES (84, 'magni');
INSERT INTO `communities` (`id`, `name`) VALUES (92, 'maiores');
INSERT INTO `communities` (`id`, `name`) VALUES (38, 'maxime');
INSERT INTO `communities` (`id`, `name`) VALUES (98, 'modi');
INSERT INTO `communities` (`id`, `name`) VALUES (58, 'molestiae');
INSERT INTO `communities` (`id`, `name`) VALUES (35, 'molestias');
INSERT INTO `communities` (`id`, `name`) VALUES (23, 'mollitia');
INSERT INTO `communities` (`id`, `name`) VALUES (77, 'natus');
INSERT INTO `communities` (`id`, `name`) VALUES (55, 'necessitatibus');
INSERT INTO `communities` (`id`, `name`) VALUES (20, 'nesciunt');
INSERT INTO `communities` (`id`, `name`) VALUES (88, 'non');
INSERT INTO `communities` (`id`, `name`) VALUES (57, 'nostrum');
INSERT INTO `communities` (`id`, `name`) VALUES (94, 'nulla');
INSERT INTO `communities` (`id`, `name`) VALUES (26, 'numquam');
INSERT INTO `communities` (`id`, `name`) VALUES (21, 'officia');
INSERT INTO `communities` (`id`, `name`) VALUES (75, 'officiis');
INSERT INTO `communities` (`id`, `name`) VALUES (73, 'omnis');
INSERT INTO `communities` (`id`, `name`) VALUES (33, 'pariatur');
INSERT INTO `communities` (`id`, `name`) VALUES (45, 'perferendis');
INSERT INTO `communities` (`id`, `name`) VALUES (31, 'perspiciatis');
INSERT INTO `communities` (`id`, `name`) VALUES (65, 'provident');
INSERT INTO `communities` (`id`, `name`) VALUES (69, 'quaerat');
INSERT INTO `communities` (`id`, `name`) VALUES (27, 'quam');
INSERT INTO `communities` (`id`, `name`) VALUES (66, 'quasi');
INSERT INTO `communities` (`id`, `name`) VALUES (83, 'qui');
INSERT INTO `communities` (`id`, `name`) VALUES (15, 'quia');
INSERT INTO `communities` (`id`, `name`) VALUES (16, 'quibusdam');
INSERT INTO `communities` (`id`, `name`) VALUES (51, 'quis');
INSERT INTO `communities` (`id`, `name`) VALUES (78, 'quo');
INSERT INTO `communities` (`id`, `name`) VALUES (30, 'quod');
INSERT INTO `communities` (`id`, `name`) VALUES (85, 'repellat');
INSERT INTO `communities` (`id`, `name`) VALUES (36, 'rerum');
INSERT INTO `communities` (`id`, `name`) VALUES (37, 'saepe');
INSERT INTO `communities` (`id`, `name`) VALUES (2, 'sed');
INSERT INTO `communities` (`id`, `name`) VALUES (86, 'sequi');
INSERT INTO `communities` (`id`, `name`) VALUES (100, 'sint');
INSERT INTO `communities` (`id`, `name`) VALUES (9, 'sit');
INSERT INTO `communities` (`id`, `name`) VALUES (54, 'soluta');
INSERT INTO `communities` (`id`, `name`) VALUES (47, 'tenetur');
INSERT INTO `communities` (`id`, `name`) VALUES (63, 'totam');
INSERT INTO `communities` (`id`, `name`) VALUES (18, 'ut');
INSERT INTO `communities` (`id`, `name`) VALUES (79, 'vel');
INSERT INTO `communities` (`id`, `name`) VALUES (32, 'voluptas');
INSERT INTO `communities` (`id`, `name`) VALUES (40, 'voluptate');
INSERT INTO `communities` (`id`, `name`) VALUES (41, 'voluptatem');
INSERT INTO `communities` (`id`, `name`) VALUES (11, 'voluptatum');


#
# TABLE STRUCTURE FOR: media
#

DROP TABLE IF EXISTS `media`;

CREATE TABLE `media` (
  `id` int(10) unsigned NOT NULL AUTO_INCREMENT COMMENT 'Идентификатор строки',
  `user_id` int(10) unsigned NOT NULL COMMENT 'Ссылка на пользователя, который загрузил файл',
  `filename` varchar(255) COLLATE utf8_unicode_ci NOT NULL,
  PRIMARY KEY (`id`)
) ENGINE=InnoDB AUTO_INCREMENT=101 DEFAULT CHARSET=utf8 COLLATE=utf8_unicode_ci;

INSERT INTO `media` (`id`, `user_id`, `filename`) VALUES (1, 1, 'sunt');
INSERT INTO `media` (`id`, `user_id`, `filename`) VALUES (2, 2, 'libero');
INSERT INTO `media` (`id`, `user_id`, `filename`) VALUES (3, 3, 'architecto');
INSERT INTO `media` (`id`, `user_id`, `filename`) VALUES (4, 4, 'et');
INSERT INTO `media` (`id`, `user_id`, `filename`) VALUES (5, 5, 'ullam');
INSERT INTO `media` (`id`, `user_id`, `filename`) VALUES (6, 6, 'et');
INSERT INTO `media` (`id`, `user_id`, `filename`) VALUES (7, 7, 'aperiam');
INSERT INTO `media` (`id`, `user_id`, `filename`) VALUES (8, 8, 'voluptate');
INSERT INTO `media` (`id`, `user_id`, `filename`) VALUES (9, 9, 'eos');
INSERT INTO `media` (`id`, `user_id`, `filename`) VALUES (10, 10, 'dolores');
INSERT INTO `media` (`id`, `user_id`, `filename`) VALUES (11, 11, 'sed');
INSERT INTO `media` (`id`, `user_id`, `filename`) VALUES (12, 12, 'occaecati');
INSERT INTO `media` (`id`, `user_id`, `filename`) VALUES (13, 13, 'velit');
INSERT INTO `media` (`id`, `user_id`, `filename`) VALUES (14, 14, 'doloremque');
INSERT INTO `media` (`id`, `user_id`, `filename`) VALUES (15, 15, 'perspiciatis');
INSERT INTO `media` (`id`, `user_id`, `filename`) VALUES (16, 16, 'assumenda');
INSERT INTO `media` (`id`, `user_id`, `filename`) VALUES (17, 17, 'ex');
INSERT INTO `media` (`id`, `user_id`, `filename`) VALUES (18, 18, 'blanditiis');
INSERT INTO `media` (`id`, `user_id`, `filename`) VALUES (19, 19, 'inventore');
INSERT INTO `media` (`id`, `user_id`, `filename`) VALUES (20, 20, 'molestiae');
INSERT INTO `media` (`id`, `user_id`, `filename`) VALUES (21, 21, 'et');
INSERT INTO `media` (`id`, `user_id`, `filename`) VALUES (22, 22, 'qui');
INSERT INTO `media` (`id`, `user_id`, `filename`) VALUES (23, 23, 'consequuntur');
INSERT INTO `media` (`id`, `user_id`, `filename`) VALUES (24, 24, 'quia');
INSERT INTO `media` (`id`, `user_id`, `filename`) VALUES (25, 25, 'tempore');
INSERT INTO `media` (`id`, `user_id`, `filename`) VALUES (26, 26, 'suscipit');
INSERT INTO `media` (`id`, `user_id`, `filename`) VALUES (27, 27, 'minus');
INSERT INTO `media` (`id`, `user_id`, `filename`) VALUES (28, 28, 'distinctio');
INSERT INTO `media` (`id`, `user_id`, `filename`) VALUES (29, 29, 'ducimus');
INSERT INTO `media` (`id`, `user_id`, `filename`) VALUES (30, 30, 'error');
INSERT INTO `media` (`id`, `user_id`, `filename`) VALUES (31, 31, 'voluptatem');
INSERT INTO `media` (`id`, `user_id`, `filename`) VALUES (32, 32, 'beatae');
INSERT INTO `media` (`id`, `user_id`, `filename`) VALUES (33, 33, 'magni');
INSERT INTO `media` (`id`, `user_id`, `filename`) VALUES (34, 34, 'voluptas');
INSERT INTO `media` (`id`, `user_id`, `filename`) VALUES (35, 35, 'enim');
INSERT INTO `media` (`id`, `user_id`, `filename`) VALUES (36, 36, 'non');
INSERT INTO `media` (`id`, `user_id`, `filename`) VALUES (37, 37, 'sed');
INSERT INTO `media` (`id`, `user_id`, `filename`) VALUES (38, 38, 'nemo');
INSERT INTO `media` (`id`, `user_id`, `filename`) VALUES (39, 39, 'et');
INSERT INTO `media` (`id`, `user_id`, `filename`) VALUES (40, 40, 'nemo');
INSERT INTO `media` (`id`, `user_id`, `filename`) VALUES (41, 41, 'nesciunt');
INSERT INTO `media` (`id`, `user_id`, `filename`) VALUES (42, 42, 'sit');
INSERT INTO `media` (`id`, `user_id`, `filename`) VALUES (43, 43, 'repudiandae');
INSERT INTO `media` (`id`, `user_id`, `filename`) VALUES (44, 44, 'quia');
INSERT INTO `media` (`id`, `user_id`, `filename`) VALUES (45, 45, 'dolorum');
INSERT INTO `media` (`id`, `user_id`, `filename`) VALUES (46, 46, 'sapiente');
INSERT INTO `media` (`id`, `user_id`, `filename`) VALUES (47, 47, 'dignissimos');
INSERT INTO `media` (`id`, `user_id`, `filename`) VALUES (48, 48, 'et');
INSERT INTO `media` (`id`, `user_id`, `filename`) VALUES (49, 49, 'voluptatem');
INSERT INTO `media` (`id`, `user_id`, `filename`) VALUES (50, 50, 'placeat');
INSERT INTO `media` (`id`, `user_id`, `filename`) VALUES (51, 51, 'facere');
INSERT INTO `media` (`id`, `user_id`, `filename`) VALUES (52, 52, 'eos');
INSERT INTO `media` (`id`, `user_id`, `filename`) VALUES (53, 53, 'qui');
INSERT INTO `media` (`id`, `user_id`, `filename`) VALUES (54, 54, 'quaerat');
INSERT INTO `media` (`id`, `user_id`, `filename`) VALUES (55, 55, 'deleniti');
INSERT INTO `media` (`id`, `user_id`, `filename`) VALUES (56, 56, 'natus');
INSERT INTO `media` (`id`, `user_id`, `filename`) VALUES (57, 57, 'sit');
INSERT INTO `media` (`id`, `user_id`, `filename`) VALUES (58, 58, 'accusantium');
INSERT INTO `media` (`id`, `user_id`, `filename`) VALUES (59, 59, 'temporibus');
INSERT INTO `media` (`id`, `user_id`, `filename`) VALUES (60, 60, 'et');
INSERT INTO `media` (`id`, `user_id`, `filename`) VALUES (61, 61, 'culpa');
INSERT INTO `media` (`id`, `user_id`, `filename`) VALUES (62, 62, 'sed');
INSERT INTO `media` (`id`, `user_id`, `filename`) VALUES (63, 63, 'nemo');
INSERT INTO `media` (`id`, `user_id`, `filename`) VALUES (64, 64, 'ut');
INSERT INTO `media` (`id`, `user_id`, `filename`) VALUES (65, 65, 'et');
INSERT INTO `media` (`id`, `user_id`, `filename`) VALUES (66, 66, 'et');
INSERT INTO `media` (`id`, `user_id`, `filename`) VALUES (67, 67, 'ea');
INSERT INTO `media` (`id`, `user_id`, `filename`) VALUES (68, 68, 'molestiae');
INSERT INTO `media` (`id`, `user_id`, `filename`) VALUES (69, 69, 'quo');
INSERT INTO `media` (`id`, `user_id`, `filename`) VALUES (70, 70, 'error');
INSERT INTO `media` (`id`, `user_id`, `filename`) VALUES (71, 71, 'provident');
INSERT INTO `media` (`id`, `user_id`, `filename`) VALUES (72, 72, 'eaque');
INSERT INTO `media` (`id`, `user_id`, `filename`) VALUES (73, 73, 'sint');
INSERT INTO `media` (`id`, `user_id`, `filename`) VALUES (74, 74, 'officia');
INSERT INTO `media` (`id`, `user_id`, `filename`) VALUES (75, 75, 'maxime');
INSERT INTO `media` (`id`, `user_id`, `filename`) VALUES (76, 76, 'rem');
INSERT INTO `media` (`id`, `user_id`, `filename`) VALUES (77, 77, 'perspiciatis');
INSERT INTO `media` (`id`, `user_id`, `filename`) VALUES (78, 78, 'consequatur');
INSERT INTO `media` (`id`, `user_id`, `filename`) VALUES (79, 79, 'aliquid');
INSERT INTO `media` (`id`, `user_id`, `filename`) VALUES (80, 80, 'aut');
INSERT INTO `media` (`id`, `user_id`, `filename`) VALUES (81, 81, 'adipisci');
INSERT INTO `media` (`id`, `user_id`, `filename`) VALUES (82, 82, 'qui');
INSERT INTO `media` (`id`, `user_id`, `filename`) VALUES (83, 83, 'doloremque');
INSERT INTO `media` (`id`, `user_id`, `filename`) VALUES (84, 84, 'quidem');
INSERT INTO `media` (`id`, `user_id`, `filename`) VALUES (85, 85, 'ullam');
INSERT INTO `media` (`id`, `user_id`, `filename`) VALUES (86, 86, 'nostrum');
INSERT INTO `media` (`id`, `user_id`, `filename`) VALUES (87, 87, 'omnis');
INSERT INTO `media` (`id`, `user_id`, `filename`) VALUES (88, 88, 'voluptas');
INSERT INTO `media` (`id`, `user_id`, `filename`) VALUES (89, 89, 'et');
INSERT INTO `media` (`id`, `user_id`, `filename`) VALUES (90, 90, 'natus');
INSERT INTO `media` (`id`, `user_id`, `filename`) VALUES (91, 91, 'quo');
INSERT INTO `media` (`id`, `user_id`, `filename`) VALUES (92, 92, 'quia');
INSERT INTO `media` (`id`, `user_id`, `filename`) VALUES (93, 93, 'dolor');
INSERT INTO `media` (`id`, `user_id`, `filename`) VALUES (94, 94, 'sapiente');
INSERT INTO `media` (`id`, `user_id`, `filename`) VALUES (95, 95, 'est');
INSERT INTO `media` (`id`, `user_id`, `filename`) VALUES (96, 96, 'amet');
INSERT INTO `media` (`id`, `user_id`, `filename`) VALUES (97, 97, 'aut');
INSERT INTO `media` (`id`, `user_id`, `filename`) VALUES (98, 98, 'quod');
INSERT INTO `media` (`id`, `user_id`, `filename`) VALUES (99, 99, 'ut');
INSERT INTO `media` (`id`, `user_id`, `filename`) VALUES (100, 100, 'quisquam');


#
# TABLE STRUCTURE FOR: posts
#

DROP TABLE IF EXISTS `posts`;

CREATE TABLE `posts` (
  `id` int(10) unsigned NOT NULL AUTO_INCREMENT,
  `user_id` int(10) unsigned NOT NULL,
  `community_id` int(10) unsigned DEFAULT NULL,
  `head` varchar(255) COLLATE utf8_unicode_ci DEFAULT NULL,
  `body` text COLLATE utf8_unicode_ci NOT NULL,
  `media_id` int(10) unsigned DEFAULT NULL,
  `is_public` tinyint(1) DEFAULT 1,
  `is_archived` tinyint(1) DEFAULT 0,
  `views_counter` int(10) unsigned DEFAULT 0,
  `created_at` datetime DEFAULT current_timestamp(),
  `updated_at` datetime DEFAULT current_timestamp() ON UPDATE current_timestamp(),
  PRIMARY KEY (`id`)
) ENGINE=InnoDB AUTO_INCREMENT=101 DEFAULT CHARSET=utf8 COLLATE=utf8_unicode_ci;

INSERT INTO `posts` (`id`, `user_id`, `community_id`, `head`, `body`, `media_id`, `is_public`, `is_archived`, `views_counter`, `created_at`, `updated_at`) VALUES (1, 1, 1, 'Nemo error et magni velit rerum assumenda.', 'Aspernatur expedita mollitia quam quis. Id sequi ab ut. Sed et aut aut labore repudiandae iusto velit.', 1, 1, 1, 124, '2013-08-03 02:01:18', '2014-04-15 10:38:09');
INSERT INTO `posts` (`id`, `user_id`, `community_id`, `head`, `body`, `media_id`, `is_public`, `is_archived`, `views_counter`, `created_at`, `updated_at`) VALUES (2, 2, 2, 'Sit quasi quo id pariatur.', 'Nostrum maxime fugit nam eligendi nihil blanditiis ab eum. Maiores voluptatem vero quia distinctio earum ea. Qui eaque quas repellendus dolor nemo. Quos ducimus iusto nam illum.', 2, 0, 1, 9, '2016-07-23 00:31:55', '2013-02-19 22:09:19');
INSERT INTO `posts` (`id`, `user_id`, `community_id`, `head`, `body`, `media_id`, `is_public`, `is_archived`, `views_counter`, `created_at`, `updated_at`) VALUES (3, 3, 3, 'Non est quis aut in consequatur ipsam.', 'Error perferendis laborum eligendi consequatur occaecati. Eveniet a ut accusantium et. Sunt eum qui aspernatur magni dolores qui.', 3, 1, 0, 831, '2016-03-13 16:23:11', '2014-01-30 11:38:29');
INSERT INTO `posts` (`id`, `user_id`, `community_id`, `head`, `body`, `media_id`, `is_public`, `is_archived`, `views_counter`, `created_at`, `updated_at`) VALUES (4, 4, 4, 'Sunt non non qui repellendus sit aliquid voluptas.', 'Occaecati voluptatum illo deserunt maxime fugiat totam. Quia explicabo optio delectus a sed. Facilis sequi placeat qui ad fuga molestias.', 4, 0, 1, 21, '2016-10-10 17:40:36', '2017-05-11 12:50:26');
INSERT INTO `posts` (`id`, `user_id`, `community_id`, `head`, `body`, `media_id`, `is_public`, `is_archived`, `views_counter`, `created_at`, `updated_at`) VALUES (5, 5, 5, 'Expedita quibusdam blanditiis voluptatum omnis.', 'Dolorem eos eum est perferendis. Sed illum sint aut consequuntur quasi cum aut officia. Eaque praesentium optio adipisci voluptas. Ipsam et voluptas est quasi fugiat.', 5, 1, 0, 781380922, '2017-10-03 04:38:52', '2016-02-25 05:14:44');
INSERT INTO `posts` (`id`, `user_id`, `community_id`, `head`, `body`, `media_id`, `is_public`, `is_archived`, `views_counter`, `created_at`, `updated_at`) VALUES (6, 6, 6, 'Eligendi inventore soluta occaecati consequatur dolores aut.', 'Dignissimos labore odit impedit magnam et. Ullam veniam id quam id.', 6, 0, 0, 15987489, '2019-03-11 19:21:35', '2010-08-17 05:02:41');
INSERT INTO `posts` (`id`, `user_id`, `community_id`, `head`, `body`, `media_id`, `is_public`, `is_archived`, `views_counter`, `created_at`, `updated_at`) VALUES (7, 7, 7, 'Nesciunt voluptas aut nobis rerum fugiat eaque.', 'Dolor dicta voluptas debitis corporis error. Accusamus qui dolorem error sit. Autem aliquam cupiditate dolores et quisquam. Tenetur quasi magnam ipsum sed.', 7, 1, 0, 0, '2013-10-23 18:43:25', '2014-10-28 10:50:40');
INSERT INTO `posts` (`id`, `user_id`, `community_id`, `head`, `body`, `media_id`, `is_public`, `is_archived`, `views_counter`, `created_at`, `updated_at`) VALUES (8, 8, 8, 'At fugit quisquam voluptatem quaerat odio.', 'Vel nam officiis neque accusamus qui. Eum voluptas facilis rerum et voluptatem architecto impedit. Laborum nihil consequatur repudiandae omnis quae.', 8, 1, 0, 8, '2015-07-17 09:24:29', '2012-07-28 10:02:33');
INSERT INTO `posts` (`id`, `user_id`, `community_id`, `head`, `body`, `media_id`, `is_public`, `is_archived`, `views_counter`, `created_at`, `updated_at`) VALUES (9, 9, 9, 'Rem quaerat blanditiis et labore repellendus et corrupti.', 'Magnam perspiciatis blanditiis ex culpa corporis voluptatem rerum ducimus. Minima eveniet amet cum et. In quos fugiat corrupti qui sapiente facilis. Ut repellendus qui rem quo expedita provident magnam. Repudiandae minima a dolorem tempore.', 9, 1, 0, 47, '2011-06-03 11:51:40', '2014-06-18 18:26:18');
INSERT INTO `posts` (`id`, `user_id`, `community_id`, `head`, `body`, `media_id`, `is_public`, `is_archived`, `views_counter`, `created_at`, `updated_at`) VALUES (10, 10, 10, 'Odit iure sed eos amet temporibus.', 'Et aut cupiditate ea maiores rem nemo in. Ut cum consectetur est commodi consequatur. Et odit deleniti labore voluptate voluptas. Quidem et natus quam qui autem. Magni ipsam tempora soluta quasi rerum facere dolorum similique.', 10, 0, 1, 2306, '2013-04-10 10:52:35', '2019-12-29 12:30:18');
INSERT INTO `posts` (`id`, `user_id`, `community_id`, `head`, `body`, `media_id`, `is_public`, `is_archived`, `views_counter`, `created_at`, `updated_at`) VALUES (11, 11, 11, 'Atque enim harum nihil qui corporis omnis distinctio.', 'Aut facilis sed earum sit aspernatur vel in. Qui recusandae ea optio quaerat eum nihil et molestiae. Laborum doloribus assumenda fuga eligendi. Sapiente rerum reiciendis consectetur fugiat consequatur incidunt dignissimos. Quia nisi et tempora nisi et tenetur nam.', 11, 1, 0, 282401, '2012-02-01 07:41:23', '2015-06-12 03:42:27');
INSERT INTO `posts` (`id`, `user_id`, `community_id`, `head`, `body`, `media_id`, `is_public`, `is_archived`, `views_counter`, `created_at`, `updated_at`) VALUES (12, 12, 12, 'Laboriosam eveniet sunt molestiae maiores minus.', 'Consequuntur nisi atque nisi reiciendis et. Sit inventore aut id vel non dolor. Tenetur ipsa accusantium aut.', 12, 1, 0, 0, '2017-08-28 13:25:41', '2020-04-02 10:18:54');
INSERT INTO `posts` (`id`, `user_id`, `community_id`, `head`, `body`, `media_id`, `is_public`, `is_archived`, `views_counter`, `created_at`, `updated_at`) VALUES (13, 13, 13, 'Fuga dicta non exercitationem et accusamus maiores vel.', 'Explicabo neque possimus ratione expedita ex nisi quis. Ut asperiores exercitationem est adipisci.', 13, 1, 1, 2083, '2015-03-11 18:23:12', '2019-10-19 08:08:43');
INSERT INTO `posts` (`id`, `user_id`, `community_id`, `head`, `body`, `media_id`, `is_public`, `is_archived`, `views_counter`, `created_at`, `updated_at`) VALUES (14, 14, 14, 'Voluptatem tenetur sequi qui.', 'Consequatur odio culpa ut maiores. Ipsum quis ut rerum velit sapiente odio veritatis. Veniam nihil tempora consequatur. Rerum vero veritatis repellendus tempore.', 14, 1, 1, 7, '2019-01-24 08:47:38', '2016-02-12 12:58:20');
INSERT INTO `posts` (`id`, `user_id`, `community_id`, `head`, `body`, `media_id`, `is_public`, `is_archived`, `views_counter`, `created_at`, `updated_at`) VALUES (15, 15, 15, 'Nemo minima eligendi sapiente non quisquam facere quod.', 'Soluta et recusandae sed dolores eligendi. Reiciendis est magni quae hic molestiae cum aut. Sint quidem ducimus ipsa et. Saepe cupiditate facilis reprehenderit itaque aspernatur et eos. Dolorem at unde labore eveniet consequatur qui.', 15, 1, 0, 680, '2015-11-24 10:38:28', '2019-04-27 07:03:45');
INSERT INTO `posts` (`id`, `user_id`, `community_id`, `head`, `body`, `media_id`, `is_public`, `is_archived`, `views_counter`, `created_at`, `updated_at`) VALUES (16, 16, 16, 'Dolor delectus perferendis iure nobis ipsum.', 'Voluptas repellat veritatis fugit voluptatem enim. Soluta eum possimus ipsum aut quo id. Sit quidem provident inventore maiores.', 16, 1, 1, 567289133, '2014-04-10 23:28:42', '2016-08-25 00:49:09');
INSERT INTO `posts` (`id`, `user_id`, `community_id`, `head`, `body`, `media_id`, `is_public`, `is_archived`, `views_counter`, `created_at`, `updated_at`) VALUES (17, 17, 17, 'Officia sed qui non fugit animi facere quis.', 'Illum ut tenetur qui saepe. Voluptatem placeat incidunt enim ea veniam consequatur. Dolor saepe maiores quis dolor non. Ea voluptatem explicabo ex aut.', 17, 0, 0, 2559554, '2016-11-10 20:58:02', '2014-02-01 00:16:12');
INSERT INTO `posts` (`id`, `user_id`, `community_id`, `head`, `body`, `media_id`, `is_public`, `is_archived`, `views_counter`, `created_at`, `updated_at`) VALUES (18, 18, 18, 'Quasi quisquam repudiandae illo sit et.', 'Ipsum nulla qui vel quod fugiat. Quae qui aperiam voluptatem ut in culpa. Voluptatibus nihil a officia. Molestiae praesentium voluptate repellendus ratione tempora placeat sunt.', 18, 0, 1, 97449, '2017-02-01 21:57:46', '2020-03-02 00:20:20');
INSERT INTO `posts` (`id`, `user_id`, `community_id`, `head`, `body`, `media_id`, `is_public`, `is_archived`, `views_counter`, `created_at`, `updated_at`) VALUES (19, 19, 19, 'Dolorum id voluptatem qui id.', 'Est vel impedit laborum ipsum sit iste minima. Provident necessitatibus soluta magni voluptatem nihil. Placeat ducimus magni tempora ea et. Repellendus optio saepe expedita alias reprehenderit esse numquam.', 19, 1, 0, 418691, '2015-12-29 06:28:58', '2012-08-31 16:51:10');
INSERT INTO `posts` (`id`, `user_id`, `community_id`, `head`, `body`, `media_id`, `is_public`, `is_archived`, `views_counter`, `created_at`, `updated_at`) VALUES (20, 20, 20, 'Quia ut necessitatibus quod sit saepe.', 'Debitis fuga libero dolor eum et repellat. Qui exercitationem culpa quia molestiae inventore.', 20, 1, 0, 6928326, '2018-12-06 04:21:02', '2016-06-16 02:00:40');
INSERT INTO `posts` (`id`, `user_id`, `community_id`, `head`, `body`, `media_id`, `is_public`, `is_archived`, `views_counter`, `created_at`, `updated_at`) VALUES (21, 21, 21, 'Doloremque alias inventore optio omnis corporis qui ea.', 'Vitae architecto vero molestiae quas. Eos eligendi fugiat aut aut. Nostrum fugit ad in doloremque quisquam earum mollitia quas. Officia doloribus minima et.', 21, 1, 0, 432079001, '2012-10-11 16:59:46', '2017-04-08 04:48:28');
INSERT INTO `posts` (`id`, `user_id`, `community_id`, `head`, `body`, `media_id`, `is_public`, `is_archived`, `views_counter`, `created_at`, `updated_at`) VALUES (22, 22, 22, 'Consectetur accusamus magni at vel quibusdam.', 'Adipisci sunt repellendus quasi ut cum. Reprehenderit assumenda et error tempora nihil at. Perspiciatis necessitatibus possimus omnis recusandae quas similique dolores quasi. Dolor consectetur nisi sit perferendis eveniet dolores ut. Autem fugit ut recusandae quia aut nesciunt.', 22, 1, 0, 91748, '2018-02-19 23:40:21', '2016-07-27 21:07:43');
INSERT INTO `posts` (`id`, `user_id`, `community_id`, `head`, `body`, `media_id`, `is_public`, `is_archived`, `views_counter`, `created_at`, `updated_at`) VALUES (23, 23, 23, 'Qui recusandae at quasi accusamus.', 'Architecto mollitia sequi officia hic fuga eum est. Ut modi sed sed quidem error molestiae occaecati. Voluptatem veritatis nobis asperiores quod facere optio et.', 23, 1, 1, 41286622, '2012-12-07 23:06:20', '2018-01-04 04:13:51');
INSERT INTO `posts` (`id`, `user_id`, `community_id`, `head`, `body`, `media_id`, `is_public`, `is_archived`, `views_counter`, `created_at`, `updated_at`) VALUES (24, 24, 24, 'Corrupti accusamus est et illum eius minus eaque.', 'Praesentium ut fuga eum. Porro voluptatem tempore error non.', 24, 0, 1, 0, '2020-04-14 21:15:09', '2016-06-16 05:15:47');
INSERT INTO `posts` (`id`, `user_id`, `community_id`, `head`, `body`, `media_id`, `is_public`, `is_archived`, `views_counter`, `created_at`, `updated_at`) VALUES (25, 25, 25, 'Qui alias libero sint aperiam.', 'Rerum laboriosam debitis dolores quod ut dolorem qui. Hic repudiandae esse incidunt et facere corrupti corrupti laborum. Eius id qui reprehenderit similique esse. Et illo eveniet asperiores et reprehenderit.', 25, 0, 1, 631282, '2013-05-24 10:52:15', '2019-06-29 17:01:14');
INSERT INTO `posts` (`id`, `user_id`, `community_id`, `head`, `body`, `media_id`, `is_public`, `is_archived`, `views_counter`, `created_at`, `updated_at`) VALUES (26, 26, 26, 'Repudiandae saepe voluptatem fugit nobis.', 'Facere aut molestiae necessitatibus voluptas in qui ad. Aut rerum sapiente natus fugiat non possimus dolorem. Fugiat rerum fuga enim velit enim minus.', 26, 1, 0, 3, '2018-12-21 23:35:44', '2012-04-03 15:10:54');
INSERT INTO `posts` (`id`, `user_id`, `community_id`, `head`, `body`, `media_id`, `is_public`, `is_archived`, `views_counter`, `created_at`, `updated_at`) VALUES (27, 27, 27, 'Eos nisi sed nobis deleniti porro.', 'Illum ea alias sit ut. Molestiae voluptas sunt et animi placeat minus harum. Sequi molestiae voluptate praesentium earum. Molestias laborum quos a numquam occaecati animi.', 27, 0, 0, 58451056, '2015-04-29 07:10:19', '2015-10-13 22:29:27');
INSERT INTO `posts` (`id`, `user_id`, `community_id`, `head`, `body`, `media_id`, `is_public`, `is_archived`, `views_counter`, `created_at`, `updated_at`) VALUES (28, 28, 28, 'Rem enim nostrum qui sit.', 'Perspiciatis aut explicabo labore quo assumenda perferendis commodi. Dicta quas amet velit quas. Quia temporibus saepe et et dolor quod voluptatem.', 28, 1, 1, 8407942, '2018-06-22 03:49:07', '2018-06-02 20:17:19');
INSERT INTO `posts` (`id`, `user_id`, `community_id`, `head`, `body`, `media_id`, `is_public`, `is_archived`, `views_counter`, `created_at`, `updated_at`) VALUES (29, 29, 29, 'Ab omnis facilis velit possimus et voluptatem.', 'Quia ut eum est a vel esse non. Fuga laudantium nobis adipisci ea harum. Consequatur adipisci in maiores esse reiciendis voluptas. Id vero porro cum impedit.', 29, 0, 0, 34008032, '2013-05-01 03:48:37', '2016-02-05 00:54:47');
INSERT INTO `posts` (`id`, `user_id`, `community_id`, `head`, `body`, `media_id`, `is_public`, `is_archived`, `views_counter`, `created_at`, `updated_at`) VALUES (30, 30, 30, 'Aliquid reiciendis aut quibusdam qui nam non veniam.', 'Explicabo nulla assumenda et eum dolorum neque officiis et. Officiis quaerat reprehenderit et placeat officiis dicta aspernatur. Non sunt repudiandae rerum quia dignissimos doloribus autem. Sed ut corrupti velit nam expedita quos.', 30, 0, 0, 211643, '2012-06-04 12:47:16', '2014-05-06 16:17:19');
INSERT INTO `posts` (`id`, `user_id`, `community_id`, `head`, `body`, `media_id`, `is_public`, `is_archived`, `views_counter`, `created_at`, `updated_at`) VALUES (31, 31, 31, 'Dolor quasi veritatis dolorem.', 'Ducimus facere error corrupti sed ut. Iure voluptatem reprehenderit voluptates consectetur pariatur vitae facere. Eius ducimus esse amet consequatur repellat omnis tenetur animi. Et voluptatem quae sunt labore quo. Qui amet et labore est fugiat minima numquam.', 31, 0, 1, 582399001, '2018-01-27 02:24:53', '2012-08-01 01:27:15');
INSERT INTO `posts` (`id`, `user_id`, `community_id`, `head`, `body`, `media_id`, `is_public`, `is_archived`, `views_counter`, `created_at`, `updated_at`) VALUES (32, 32, 32, 'Dolores qui et expedita voluptatem aperiam nostrum pariatur eum.', 'Vel unde magni sed nisi expedita. Est numquam et occaecati eaque. Ea quisquam rerum odit est est rem dolorem dolores. Voluptas voluptatem non consequatur et quo est.', 32, 0, 1, 9, '2017-06-19 18:24:36', '2017-02-27 22:36:05');
INSERT INTO `posts` (`id`, `user_id`, `community_id`, `head`, `body`, `media_id`, `is_public`, `is_archived`, `views_counter`, `created_at`, `updated_at`) VALUES (33, 33, 33, 'Cumque vero ea sit impedit molestias dolorem.', 'Assumenda distinctio et aut. Voluptatem blanditiis aut labore. Temporibus fugit tempora dolore consequatur doloremque exercitationem non. Qui aliquid omnis accusamus enim dolor voluptatem. Unde qui sed maiores.', 33, 1, 1, 344203610, '2014-11-04 20:39:32', '2012-02-25 20:21:13');
INSERT INTO `posts` (`id`, `user_id`, `community_id`, `head`, `body`, `media_id`, `is_public`, `is_archived`, `views_counter`, `created_at`, `updated_at`) VALUES (34, 34, 34, 'Tenetur hic tenetur reiciendis minus.', 'Omnis iusto quia ab provident dolores sequi. Earum voluptatem tenetur eveniet. Natus magnam perspiciatis nobis a. Sint nisi dolorum deserunt natus nesciunt. Distinctio facilis a expedita blanditiis accusantium.', 34, 1, 1, 558693, '2014-04-30 01:59:08', '2015-08-08 03:13:51');
INSERT INTO `posts` (`id`, `user_id`, `community_id`, `head`, `body`, `media_id`, `is_public`, `is_archived`, `views_counter`, `created_at`, `updated_at`) VALUES (35, 35, 35, 'Ea optio soluta soluta repellendus voluptates id sunt.', 'Sint vel quia est eligendi at. Ut voluptatem alias aut eveniet. Veritatis sunt velit qui hic cum ipsam sunt. Sint et eum consectetur consequatur ut ratione saepe.', 35, 1, 0, 58987, '2020-02-04 16:43:11', '2020-07-19 20:05:13');
INSERT INTO `posts` (`id`, `user_id`, `community_id`, `head`, `body`, `media_id`, `is_public`, `is_archived`, `views_counter`, `created_at`, `updated_at`) VALUES (36, 36, 36, 'Harum nisi consequatur ipsa est repudiandae sequi.', 'Laborum at beatae nihil doloremque amet occaecati. Eos dolorem et perspiciatis et voluptatem. Autem quis cumque laudantium nesciunt porro a.', 36, 1, 0, 89789, '2011-04-29 13:23:23', '2019-12-22 02:17:13');
INSERT INTO `posts` (`id`, `user_id`, `community_id`, `head`, `body`, `media_id`, `is_public`, `is_archived`, `views_counter`, `created_at`, `updated_at`) VALUES (37, 37, 37, 'Ut quia doloribus deserunt est.', 'Vero harum qui maiores sed voluptatem. Dignissimos quia quam veritatis eos fugit sit qui. Dolores autem non aliquam aut eum non dolor. Aut est ratione quibusdam totam aliquam ut quibusdam.', 37, 1, 0, 0, '2011-05-03 12:50:25', '2018-11-17 12:08:28');
INSERT INTO `posts` (`id`, `user_id`, `community_id`, `head`, `body`, `media_id`, `is_public`, `is_archived`, `views_counter`, `created_at`, `updated_at`) VALUES (38, 38, 38, 'Soluta repellendus perferendis aut sequi incidunt reiciendis nam.', 'Aspernatur omnis assumenda aliquam voluptas quibusdam velit voluptas. Inventore officia in id. Eaque vitae modi eos saepe.', 38, 1, 0, 8796520, '2010-09-11 05:15:27', '2012-03-16 10:36:38');
INSERT INTO `posts` (`id`, `user_id`, `community_id`, `head`, `body`, `media_id`, `is_public`, `is_archived`, `views_counter`, `created_at`, `updated_at`) VALUES (39, 39, 39, 'Laudantium quia quidem a qui.', 'Sint eligendi ut iure quas. Nobis iusto occaecati rem est culpa quo. Voluptas reprehenderit quis illum sed aperiam qui perspiciatis.', 39, 1, 1, 5, '2018-05-02 11:35:12', '2018-01-18 02:40:46');
INSERT INTO `posts` (`id`, `user_id`, `community_id`, `head`, `body`, `media_id`, `is_public`, `is_archived`, `views_counter`, `created_at`, `updated_at`) VALUES (40, 40, 40, 'Delectus inventore ipsam corrupti aut incidunt.', 'Quo vitae libero et delectus corrupti facilis eligendi. Aut labore occaecati voluptatibus. Dolor quia sint omnis iusto et. Corrupti illum voluptates nobis aut delectus eaque optio enim.', 40, 1, 0, 6155633, '2019-02-20 03:41:20', '2016-04-02 05:27:24');
INSERT INTO `posts` (`id`, `user_id`, `community_id`, `head`, `body`, `media_id`, `is_public`, `is_archived`, `views_counter`, `created_at`, `updated_at`) VALUES (41, 41, 41, 'Dignissimos modi sint perferendis expedita quo.', 'Beatae laboriosam et esse inventore est natus. Alias nihil rerum nulla velit quis sint porro ipsum. Quasi perferendis ut totam tenetur est repellat dolor doloribus. Nostrum voluptatibus nulla dolorem quasi voluptatem eum unde.', 41, 1, 1, 132081666, '2020-07-13 17:14:17', '2011-11-09 08:36:48');
INSERT INTO `posts` (`id`, `user_id`, `community_id`, `head`, `body`, `media_id`, `is_public`, `is_archived`, `views_counter`, `created_at`, `updated_at`) VALUES (42, 42, 42, 'Iusto cupiditate consequatur eum accusamus atque.', 'Ipsum sit vel omnis praesentium. Autem quo incidunt assumenda. Ab animi odio molestiae perspiciatis distinctio aliquid. Minus qui debitis laboriosam ut id.', 42, 1, 0, 7, '2014-05-14 05:32:19', '2015-09-30 11:28:05');
INSERT INTO `posts` (`id`, `user_id`, `community_id`, `head`, `body`, `media_id`, `is_public`, `is_archived`, `views_counter`, `created_at`, `updated_at`) VALUES (43, 43, 43, 'Est ut aut sint rerum modi quam.', 'Non ipsam repudiandae sapiente placeat ducimus. Libero eos aut pariatur debitis dignissimos. Quo optio ad esse omnis. Et temporibus voluptate consectetur recusandae.', 43, 1, 1, 792702835, '2017-05-23 03:20:54', '2018-09-21 15:21:50');
INSERT INTO `posts` (`id`, `user_id`, `community_id`, `head`, `body`, `media_id`, `is_public`, `is_archived`, `views_counter`, `created_at`, `updated_at`) VALUES (44, 44, 44, 'Velit dignissimos perferendis dicta error.', 'Voluptatum delectus ullam minima natus. Dignissimos numquam officia illo quis. Voluptatibus autem voluptas sed facere eligendi id id.', 44, 1, 0, 3, '2010-12-02 11:23:44', '2011-07-17 12:53:03');
INSERT INTO `posts` (`id`, `user_id`, `community_id`, `head`, `body`, `media_id`, `is_public`, `is_archived`, `views_counter`, `created_at`, `updated_at`) VALUES (45, 45, 45, 'Id voluptatem eveniet vitae commodi id.', 'Et minima ut minus reiciendis doloribus explicabo minima. Autem modi ea dolores assumenda temporibus. Harum eos impedit mollitia eos tempore nesciunt doloremque.', 45, 1, 0, 55467450, '2017-01-19 02:53:42', '2013-06-02 07:16:27');
INSERT INTO `posts` (`id`, `user_id`, `community_id`, `head`, `body`, `media_id`, `is_public`, `is_archived`, `views_counter`, `created_at`, `updated_at`) VALUES (46, 46, 46, 'Consequatur in ipsa autem laudantium.', 'In in quis odit ad facere sed. Impedit repellat asperiores quo cupiditate. Quam qui quisquam et qui qui animi consequatur. Voluptatem cumque laboriosam id.', 46, 1, 1, 992095, '2010-11-14 04:36:52', '2013-02-08 17:00:54');
INSERT INTO `posts` (`id`, `user_id`, `community_id`, `head`, `body`, `media_id`, `is_public`, `is_archived`, `views_counter`, `created_at`, `updated_at`) VALUES (47, 47, 47, 'Sequi autem eligendi rerum possimus.', 'Praesentium sed id sunt est ex. Ducimus cumque nobis debitis et amet.', 47, 1, 1, 59774644, '2018-07-10 12:18:05', '2010-08-13 10:06:18');
INSERT INTO `posts` (`id`, `user_id`, `community_id`, `head`, `body`, `media_id`, `is_public`, `is_archived`, `views_counter`, `created_at`, `updated_at`) VALUES (48, 48, 48, 'Aut magni quia unde distinctio sed.', 'Cum quo perferendis molestiae. Pariatur sunt voluptas at fugiat.', 48, 0, 0, 839265, '2018-06-03 03:10:43', '2020-04-12 07:55:53');
INSERT INTO `posts` (`id`, `user_id`, `community_id`, `head`, `body`, `media_id`, `is_public`, `is_archived`, `views_counter`, `created_at`, `updated_at`) VALUES (49, 49, 49, 'Quia quis nesciunt aut perspiciatis temporibus dolores pariatur.', 'Temporibus quos quis earum maiores ab. Assumenda iusto quis molestias aliquid nisi. Vel officia excepturi repellat perspiciatis temporibus. Accusantium tenetur voluptatem dignissimos placeat molestias suscipit pariatur.', 49, 1, 0, 28, '2011-04-28 16:38:15', '2017-08-12 10:12:57');
INSERT INTO `posts` (`id`, `user_id`, `community_id`, `head`, `body`, `media_id`, `is_public`, `is_archived`, `views_counter`, `created_at`, `updated_at`) VALUES (50, 50, 50, 'Saepe occaecati voluptas ipsam ea esse libero delectus blanditiis.', 'Occaecati ab ut ullam. Occaecati amet minima ut et veritatis ad aut. Non eveniet rerum voluptas enim rerum. Repellat odio animi perspiciatis voluptas.', 50, 1, 0, 40, '2013-12-12 16:24:04', '2016-07-26 10:52:08');
INSERT INTO `posts` (`id`, `user_id`, `community_id`, `head`, `body`, `media_id`, `is_public`, `is_archived`, `views_counter`, `created_at`, `updated_at`) VALUES (51, 51, 51, 'Non excepturi quia aut omnis animi consectetur.', 'Recusandae qui aut inventore fugit aut fugit consequatur. Ea et quibusdam necessitatibus. Non commodi recusandae doloremque fugit hic fugit.', 51, 0, 1, 17264, '2013-01-14 07:25:02', '2013-07-27 02:45:56');
INSERT INTO `posts` (`id`, `user_id`, `community_id`, `head`, `body`, `media_id`, `is_public`, `is_archived`, `views_counter`, `created_at`, `updated_at`) VALUES (52, 52, 52, 'Ut dolorem cum eaque incidunt magni sit voluptas.', 'Et adipisci numquam repudiandae esse vel omnis voluptatem illo. Ut nihil dolores ea non laudantium accusamus corrupti. Expedita ut impedit quaerat minima. Quis aut consectetur sit laudantium voluptas quae.', 52, 1, 1, 95, '2012-11-18 18:02:33', '2013-10-26 12:51:07');
INSERT INTO `posts` (`id`, `user_id`, `community_id`, `head`, `body`, `media_id`, `is_public`, `is_archived`, `views_counter`, `created_at`, `updated_at`) VALUES (53, 53, 53, 'Tenetur odio repudiandae quo rem ea.', 'Consequuntur in excepturi illo. Repudiandae sunt aut sequi quidem dolores laborum et. Sunt esse quos aspernatur ut voluptatem enim. Esse labore delectus repudiandae consequatur voluptatem. Quia aut soluta vel corrupti.', 53, 0, 0, 0, '2020-07-28 06:51:20', '2016-11-10 13:30:09');
INSERT INTO `posts` (`id`, `user_id`, `community_id`, `head`, `body`, `media_id`, `is_public`, `is_archived`, `views_counter`, `created_at`, `updated_at`) VALUES (54, 54, 54, 'Voluptatum at eligendi voluptates distinctio nostrum quia.', 'Esse corporis magni ut laborum aut esse autem. Aut amet aut quidem repellendus non iure. Reiciendis eum illo neque a. Reprehenderit earum eveniet dolorem. Dolorem iste aut magnam adipisci consequatur deserunt voluptates perferendis.', 54, 1, 1, 852524692, '2017-11-04 23:52:34', '2015-04-06 22:01:15');
INSERT INTO `posts` (`id`, `user_id`, `community_id`, `head`, `body`, `media_id`, `is_public`, `is_archived`, `views_counter`, `created_at`, `updated_at`) VALUES (55, 55, 55, 'In minima et rerum nulla harum necessitatibus.', 'Non consequuntur nihil illo nemo autem. Repellendus enim qui ab delectus alias sit. Odit dignissimos veniam error ea consequuntur et aut. Modi labore quaerat ut tempore qui qui dignissimos. Eum necessitatibus architecto ipsa minima.', 55, 0, 0, 738717874, '2016-06-23 21:56:27', '2016-05-05 00:15:41');
INSERT INTO `posts` (`id`, `user_id`, `community_id`, `head`, `body`, `media_id`, `is_public`, `is_archived`, `views_counter`, `created_at`, `updated_at`) VALUES (56, 56, 56, 'Voluptas natus asperiores nihil tempore architecto sed laboriosam non.', 'Culpa explicabo omnis quo aspernatur odit corrupti vel. Doloremque et eveniet distinctio corrupti. Optio vitae rerum molestias aut dolorum sunt.', 56, 1, 0, 9299, '2019-04-25 13:17:50', '2017-12-03 11:00:02');
INSERT INTO `posts` (`id`, `user_id`, `community_id`, `head`, `body`, `media_id`, `is_public`, `is_archived`, `views_counter`, `created_at`, `updated_at`) VALUES (57, 57, 57, 'Vitae non minima iste sit quaerat.', 'Voluptas et rerum dicta et minima reprehenderit praesentium iusto. Ut qui quia eligendi error ad amet. Nihil repellat quibusdam molestias.', 57, 1, 0, 6262428, '2018-08-14 01:53:22', '2017-01-02 16:49:49');
INSERT INTO `posts` (`id`, `user_id`, `community_id`, `head`, `body`, `media_id`, `is_public`, `is_archived`, `views_counter`, `created_at`, `updated_at`) VALUES (58, 58, 58, 'Voluptas necessitatibus fuga velit consequatur accusantium rem.', 'Quam voluptatem aperiam aut earum sint voluptatem. Tempora voluptatem ipsam sit ab. Esse et cum est sed dicta.', 58, 0, 0, 6062, '2016-06-23 07:27:56', '2018-06-06 04:03:18');
INSERT INTO `posts` (`id`, `user_id`, `community_id`, `head`, `body`, `media_id`, `is_public`, `is_archived`, `views_counter`, `created_at`, `updated_at`) VALUES (59, 59, 59, 'Nemo quis mollitia exercitationem esse distinctio.', 'Harum vitae reiciendis omnis ea cupiditate accusantium dolorum. Maiores et explicabo voluptatum eos et sequi sed. Totam sit numquam mollitia est.', 59, 1, 0, 5, '2015-06-09 08:17:58', '2011-07-06 21:41:33');
INSERT INTO `posts` (`id`, `user_id`, `community_id`, `head`, `body`, `media_id`, `is_public`, `is_archived`, `views_counter`, `created_at`, `updated_at`) VALUES (60, 60, 60, 'Asperiores incidunt sit libero ut quis vel.', 'Alias laboriosam nulla veritatis suscipit consequatur. Provident cupiditate ea ipsa cum minus soluta doloribus aspernatur. Itaque nihil corrupti et autem nam sint. Veniam consequuntur tempore possimus deserunt. Eum pariatur qui voluptatem quasi.', 60, 0, 1, 668583, '2018-02-04 21:03:37', '2012-11-01 19:37:23');
INSERT INTO `posts` (`id`, `user_id`, `community_id`, `head`, `body`, `media_id`, `is_public`, `is_archived`, `views_counter`, `created_at`, `updated_at`) VALUES (61, 61, 61, 'Quaerat illo est deserunt.', 'Illo et aliquid fuga tempore ex. Consequatur cumque maiores eos ad reprehenderit natus sit.', 61, 1, 1, 71974, '2015-02-16 17:27:59', '2016-12-27 02:14:35');
INSERT INTO `posts` (`id`, `user_id`, `community_id`, `head`, `body`, `media_id`, `is_public`, `is_archived`, `views_counter`, `created_at`, `updated_at`) VALUES (62, 62, 62, 'Eligendi nesciunt dolor quae ullam quis qui iure.', 'Nihil dolores saepe rerum minima eaque. Aut veniam sed ipsum alias praesentium doloremque commodi. Voluptas ratione corporis ut temporibus aut corrupti aut. Aut ut voluptatem facere quia exercitationem.', 62, 0, 1, 18, '2015-10-01 10:28:42', '2016-05-11 14:16:50');
INSERT INTO `posts` (`id`, `user_id`, `community_id`, `head`, `body`, `media_id`, `is_public`, `is_archived`, `views_counter`, `created_at`, `updated_at`) VALUES (63, 63, 63, 'Aliquam distinctio suscipit asperiores doloribus nam sit occaecati.', 'Dolore velit aliquam iure dolorem ut excepturi ad. Similique aut quis repellat est. Sit quasi eum et aliquid velit.', 63, 1, 1, 8, '2016-05-05 23:09:57', '2013-09-25 15:00:57');
INSERT INTO `posts` (`id`, `user_id`, `community_id`, `head`, `body`, `media_id`, `is_public`, `is_archived`, `views_counter`, `created_at`, `updated_at`) VALUES (64, 64, 64, 'Aut qui tempore maiores non nobis.', 'Nobis et beatae corrupti. Placeat eos omnis ratione cumque. Aut illum repellat nihil vero nihil in commodi.', 64, 1, 1, 567230470, '2014-07-10 21:32:55', '2012-07-19 12:09:53');
INSERT INTO `posts` (`id`, `user_id`, `community_id`, `head`, `body`, `media_id`, `is_public`, `is_archived`, `views_counter`, `created_at`, `updated_at`) VALUES (65, 65, 65, 'Et unde dolore natus exercitationem est.', 'Eveniet voluptatum consequuntur maxime aspernatur. Voluptatem cupiditate iusto consequatur magni. Eveniet sit et tempore temporibus vel voluptatem. Nihil iure qui aperiam sed aperiam soluta.', 65, 1, 1, 0, '2013-11-29 15:17:48', '2020-07-06 14:44:13');
INSERT INTO `posts` (`id`, `user_id`, `community_id`, `head`, `body`, `media_id`, `is_public`, `is_archived`, `views_counter`, `created_at`, `updated_at`) VALUES (66, 66, 66, 'Voluptatem est commodi est culpa sunt omnis ea doloribus.', 'Odio nostrum facere voluptatem expedita ut ullam. Autem earum soluta magnam.', 66, 0, 1, 9, '2013-05-26 06:52:35', '2012-07-04 19:55:07');
INSERT INTO `posts` (`id`, `user_id`, `community_id`, `head`, `body`, `media_id`, `is_public`, `is_archived`, `views_counter`, `created_at`, `updated_at`) VALUES (67, 67, 67, 'Eos enim est eveniet perspiciatis sed est exercitationem.', 'Nostrum nam nostrum ducimus. Ut eos similique qui molestiae. Qui laudantium fugit alias ea odio atque.', 67, 1, 1, 0, '2012-10-18 19:53:16', '2014-03-05 02:35:08');
INSERT INTO `posts` (`id`, `user_id`, `community_id`, `head`, `body`, `media_id`, `is_public`, `is_archived`, `views_counter`, `created_at`, `updated_at`) VALUES (68, 68, 68, 'Voluptate illo mollitia quo eius quisquam ut ullam.', 'Dolores natus maiores accusantium et. Ratione illum laborum quas nihil. Ratione nesciunt et iste modi dolorum ea. Velit dolor perferendis libero.', 68, 0, 1, 747590, '2019-10-18 02:51:48', '2011-12-07 04:54:19');
INSERT INTO `posts` (`id`, `user_id`, `community_id`, `head`, `body`, `media_id`, `is_public`, `is_archived`, `views_counter`, `created_at`, `updated_at`) VALUES (69, 69, 69, 'Possimus ut voluptatibus enim qui dolorem.', 'Voluptatum et nihil aut. Veritatis corrupti beatae ipsam deleniti sint voluptas sed. Unde nulla et voluptatem. Mollitia est nesciunt et harum deleniti temporibus.', 69, 1, 1, 508, '2019-12-27 15:43:38', '2012-12-31 23:17:01');
INSERT INTO `posts` (`id`, `user_id`, `community_id`, `head`, `body`, `media_id`, `is_public`, `is_archived`, `views_counter`, `created_at`, `updated_at`) VALUES (70, 70, 70, 'Enim corporis rem autem placeat fuga.', 'Voluptates nihil quos autem sed magni saepe ad delectus. Ducimus et illo quis iusto dolorem. Ipsam ut non sapiente commodi sed ipsa. Quis saepe voluptates sequi veritatis possimus corrupti. Ullam vel qui quam omnis sed repellendus nulla.', 70, 1, 0, 0, '2017-10-04 10:35:02', '2017-05-12 00:30:27');
INSERT INTO `posts` (`id`, `user_id`, `community_id`, `head`, `body`, `media_id`, `is_public`, `is_archived`, `views_counter`, `created_at`, `updated_at`) VALUES (71, 71, 71, 'Labore alias in necessitatibus sunt voluptate dolorem dolor fugit.', 'Ipsa autem quo facilis aut voluptatem eaque rerum. Est et eius laborum aspernatur quidem dicta sit. Quia quia facilis odio necessitatibus non. Quidem qui aperiam consectetur alias tempore veritatis.', 71, 0, 1, 983, '2015-12-30 12:18:57', '2018-11-11 21:48:39');
INSERT INTO `posts` (`id`, `user_id`, `community_id`, `head`, `body`, `media_id`, `is_public`, `is_archived`, `views_counter`, `created_at`, `updated_at`) VALUES (72, 72, 72, 'Repellat earum inventore porro maxime corporis architecto quos.', 'Sapiente quis ratione quae tempore velit repellat hic. Sint non soluta quasi laborum. Reiciendis quae adipisci aperiam error ullam. Est earum esse velit nam saepe. Molestiae commodi nisi nemo sed.', 72, 0, 1, 2728, '2018-02-06 21:24:07', '2017-12-24 04:55:03');
INSERT INTO `posts` (`id`, `user_id`, `community_id`, `head`, `body`, `media_id`, `is_public`, `is_archived`, `views_counter`, `created_at`, `updated_at`) VALUES (73, 73, 73, 'Ipsa sit repudiandae rem voluptatem doloremque.', 'Impedit quas quod similique ipsum omnis sit. Rem voluptates aut sint quis dicta enim maxime consequatur.', 73, 1, 1, 52254790, '2015-02-19 11:35:55', '2017-01-03 01:42:54');
INSERT INTO `posts` (`id`, `user_id`, `community_id`, `head`, `body`, `media_id`, `is_public`, `is_archived`, `views_counter`, `created_at`, `updated_at`) VALUES (74, 74, 74, 'Similique eos aut provident non numquam.', 'Optio impedit saepe possimus aut illum. Velit quibusdam quam aut quis qui. Ut ipsa sed quia eveniet repellat. Aut placeat ut aut. Non explicabo quod est deserunt reprehenderit debitis qui iure.', 74, 0, 0, 0, '2017-04-08 20:57:18', '2017-10-07 18:42:56');
INSERT INTO `posts` (`id`, `user_id`, `community_id`, `head`, `body`, `media_id`, `is_public`, `is_archived`, `views_counter`, `created_at`, `updated_at`) VALUES (75, 75, 75, 'Sunt et aperiam natus eveniet debitis.', 'Dolorem dolorum dolorum natus dolorum ea qui laborum. Nulla porro ipsam ullam nobis beatae. Provident libero at et eos quod. Minus aperiam maxime consequatur quaerat distinctio optio quia. Laboriosam blanditiis quae qui consequatur aspernatur.', 75, 1, 0, 98559747, '2018-06-15 23:50:06', '2017-11-11 06:00:57');
INSERT INTO `posts` (`id`, `user_id`, `community_id`, `head`, `body`, `media_id`, `is_public`, `is_archived`, `views_counter`, `created_at`, `updated_at`) VALUES (76, 76, 76, 'Eveniet voluptates non sint qui id quisquam.', 'Culpa temporibus veniam sequi ratione ab. Facere rerum nam in non. Vel quo vel voluptate enim sint inventore.', 76, 0, 0, 1490, '2012-12-01 02:03:11', '2013-07-23 06:47:19');
INSERT INTO `posts` (`id`, `user_id`, `community_id`, `head`, `body`, `media_id`, `is_public`, `is_archived`, `views_counter`, `created_at`, `updated_at`) VALUES (77, 77, 77, 'Nobis ut autem ducimus soluta et.', 'Inventore et tenetur voluptate culpa. Tempore aut commodi dolorem. Vitae odit enim necessitatibus cum laboriosam officiis. Iusto quia tempore similique ut rerum voluptatem voluptatem.', 77, 1, 1, 225090, '2011-06-18 20:17:20', '2013-05-03 19:16:04');
INSERT INTO `posts` (`id`, `user_id`, `community_id`, `head`, `body`, `media_id`, `is_public`, `is_archived`, `views_counter`, `created_at`, `updated_at`) VALUES (78, 78, 78, 'Et perferendis dolorem facere eveniet enim tempore qui et.', 'Ipsum est dolores corrupti mollitia sit. Quasi id doloribus distinctio amet cumque hic eum. Labore ut eveniet odit.', 78, 0, 1, 0, '2014-03-24 13:39:48', '2017-12-15 19:16:00');
INSERT INTO `posts` (`id`, `user_id`, `community_id`, `head`, `body`, `media_id`, `is_public`, `is_archived`, `views_counter`, `created_at`, `updated_at`) VALUES (79, 79, 79, 'Eligendi accusantium officiis necessitatibus.', 'Voluptate minus et est deserunt pariatur. Praesentium voluptates corporis reprehenderit veritatis sunt iure. Esse ut sunt ea. Repudiandae vitae at ratione voluptatem excepturi.', 79, 0, 0, 7360, '2013-06-05 17:23:52', '2014-09-30 12:03:45');
INSERT INTO `posts` (`id`, `user_id`, `community_id`, `head`, `body`, `media_id`, `is_public`, `is_archived`, `views_counter`, `created_at`, `updated_at`) VALUES (80, 80, 80, 'Ut non optio maiores error ut unde.', 'Ipsum sunt repellendus fuga error qui praesentium. Tenetur totam nihil libero eum. Sit rerum recusandae ut velit error fugit reiciendis. Rerum corporis et animi culpa iusto molestias.', 80, 0, 1, 0, '2013-02-21 12:10:22', '2014-07-23 22:48:11');
INSERT INTO `posts` (`id`, `user_id`, `community_id`, `head`, `body`, `media_id`, `is_public`, `is_archived`, `views_counter`, `created_at`, `updated_at`) VALUES (81, 81, 81, 'Quas rerum consectetur facilis labore ut.', 'Similique eum illum porro quis ipsa non dolor ipsa. Voluptatem ullam nesciunt porro nam accusantium. Ullam necessitatibus quo vel fugit consequatur dolor. At pariatur vitae animi explicabo consequuntur. Voluptas enim blanditiis et magni corporis.', 81, 1, 0, 246291053, '2017-03-20 20:31:21', '2014-11-23 23:46:17');
INSERT INTO `posts` (`id`, `user_id`, `community_id`, `head`, `body`, `media_id`, `is_public`, `is_archived`, `views_counter`, `created_at`, `updated_at`) VALUES (82, 82, 82, 'Quia nemo ipsum voluptatem repudiandae et.', 'Voluptatem architecto accusamus quia et. Adipisci ut fugiat consequatur cupiditate non.', 82, 0, 0, 81, '2011-09-10 18:36:39', '2016-03-04 17:08:35');
INSERT INTO `posts` (`id`, `user_id`, `community_id`, `head`, `body`, `media_id`, `is_public`, `is_archived`, `views_counter`, `created_at`, `updated_at`) VALUES (83, 83, 83, 'Debitis deserunt ducimus laboriosam quo.', 'Rerum commodi enim sapiente animi et ut. Excepturi dolores voluptas omnis fuga molestiae.', 83, 1, 0, 0, '2016-09-21 04:12:19', '2012-01-02 16:20:03');
INSERT INTO `posts` (`id`, `user_id`, `community_id`, `head`, `body`, `media_id`, `is_public`, `is_archived`, `views_counter`, `created_at`, `updated_at`) VALUES (84, 84, 84, 'Nostrum est in eligendi nihil rerum libero officia.', 'Minus ea numquam commodi id. Accusamus ducimus soluta magni exercitationem et pariatur. Autem molestiae accusamus iure omnis enim minus beatae. Cum quia sit accusantium repellat et minima accusantium rerum.', 84, 1, 0, 96582, '2012-03-22 10:50:03', '2010-11-02 15:15:51');
INSERT INTO `posts` (`id`, `user_id`, `community_id`, `head`, `body`, `media_id`, `is_public`, `is_archived`, `views_counter`, `created_at`, `updated_at`) VALUES (85, 85, 85, 'Voluptatum qui expedita qui nihil impedit.', 'Omnis voluptas illo aut voluptatem est aut aut. Est consequatur dolorem quia voluptatum laborum nostrum. Magnam labore voluptate maxime molestiae voluptatibus accusamus quia. Sequi alias dolore voluptatibus mollitia ullam voluptates ea.', 85, 0, 0, 9, '2013-12-06 09:14:05', '2013-12-05 05:58:51');
INSERT INTO `posts` (`id`, `user_id`, `community_id`, `head`, `body`, `media_id`, `is_public`, `is_archived`, `views_counter`, `created_at`, `updated_at`) VALUES (86, 86, 86, 'Quasi velit voluptas non dolor.', 'Odit quae illo deleniti quis dignissimos aut. Officia sunt consequatur dicta eius autem temporibus. Quas rerum ea quia aut rerum voluptas sit. Odio velit ab adipisci provident dolor voluptatem.', 86, 0, 0, 60782185, '2011-11-17 10:03:22', '2019-11-29 03:56:06');
INSERT INTO `posts` (`id`, `user_id`, `community_id`, `head`, `body`, `media_id`, `is_public`, `is_archived`, `views_counter`, `created_at`, `updated_at`) VALUES (87, 87, 87, 'Eos sed adipisci rerum eligendi.', 'Consequuntur facilis dolor quaerat ex quidem itaque. Ut rerum molestias consequuntur qui omnis eos. Qui in minima officiis voluptas illum voluptas sed. Tempore aut atque cupiditate veritatis vel.', 87, 0, 0, 526658873, '2014-11-22 09:13:59', '2011-07-03 02:37:50');
INSERT INTO `posts` (`id`, `user_id`, `community_id`, `head`, `body`, `media_id`, `is_public`, `is_archived`, `views_counter`, `created_at`, `updated_at`) VALUES (88, 88, 88, 'Quisquam voluptatem quis voluptate quas nihil blanditiis.', 'Maxime aliquid culpa et molestiae in quaerat nemo. Consequatur et molestiae aperiam distinctio laborum qui. Voluptates id doloremque et nihil aliquid. Voluptatem magni eum nihil facilis inventore sunt ex sequi. Sunt voluptatem laboriosam maiores quas.', 88, 1, 1, 2697, '2014-04-30 23:14:14', '2020-04-25 08:41:41');
INSERT INTO `posts` (`id`, `user_id`, `community_id`, `head`, `body`, `media_id`, `is_public`, `is_archived`, `views_counter`, `created_at`, `updated_at`) VALUES (89, 89, 89, 'Tenetur architecto sint ut ut repellat.', 'Rem est voluptatum sit et vitae ut. Quia dolor velit asperiores culpa eum. Iste maiores quidem ex tempora accusamus cumque error.', 89, 1, 0, 72150137, '2015-08-07 06:31:50', '2016-02-07 09:49:07');
INSERT INTO `posts` (`id`, `user_id`, `community_id`, `head`, `body`, `media_id`, `is_public`, `is_archived`, `views_counter`, `created_at`, `updated_at`) VALUES (90, 90, 90, 'Soluta adipisci provident ipsam molestiae aliquid eveniet.', 'Eius molestias tenetur doloremque aliquid dolores ipsam. Ut in sunt qui iste est. Deleniti at debitis aut repudiandae. Qui odit molestiae consequatur necessitatibus.', 90, 0, 1, 237547753, '2018-11-08 07:47:58', '2016-11-17 05:53:14');
INSERT INTO `posts` (`id`, `user_id`, `community_id`, `head`, `body`, `media_id`, `is_public`, `is_archived`, `views_counter`, `created_at`, `updated_at`) VALUES (91, 91, 91, 'Quo labore aut ut quisquam autem.', 'Vitae voluptatem facilis quod qui nobis nisi. Blanditiis dicta assumenda modi magnam. Assumenda est ipsa eius ipsa possimus quas. Natus fugiat fugiat voluptatibus aut.', 91, 1, 1, 6045019, '2011-07-02 22:43:04', '2019-03-04 20:03:52');
INSERT INTO `posts` (`id`, `user_id`, `community_id`, `head`, `body`, `media_id`, `is_public`, `is_archived`, `views_counter`, `created_at`, `updated_at`) VALUES (92, 92, 92, 'Rerum dolores officiis et magni quidem animi pariatur.', 'Eveniet impedit maiores et nobis fugit sint enim. Sed omnis commodi officiis quis.', 92, 1, 1, 7862, '2016-09-01 11:10:28', '2011-08-12 10:23:22');
INSERT INTO `posts` (`id`, `user_id`, `community_id`, `head`, `body`, `media_id`, `is_public`, `is_archived`, `views_counter`, `created_at`, `updated_at`) VALUES (93, 93, 93, 'Laborum dolorem et quas exercitationem enim ut explicabo error.', 'Laboriosam repellendus accusamus quae maiores. Omnis non quam ipsa numquam alias sint. Dolore possimus hic quae nisi alias optio.', 93, 1, 0, 6, '2017-07-29 22:01:13', '2013-11-13 01:29:46');
INSERT INTO `posts` (`id`, `user_id`, `community_id`, `head`, `body`, `media_id`, `is_public`, `is_archived`, `views_counter`, `created_at`, `updated_at`) VALUES (94, 94, 94, 'Consectetur dolores ea dolores quia quo cumque.', 'Ea sed blanditiis et repudiandae quia libero nisi eaque. Provident et et quia est dignissimos quasi. Assumenda quidem dolore id placeat alias illo laborum voluptatum. Quam consequatur ratione neque et nostrum voluptates est.', 94, 1, 1, 13035932, '2010-08-29 19:33:05', '2012-06-12 20:58:43');
INSERT INTO `posts` (`id`, `user_id`, `community_id`, `head`, `body`, `media_id`, `is_public`, `is_archived`, `views_counter`, `created_at`, `updated_at`) VALUES (95, 95, 95, 'Expedita rerum praesentium sunt ut.', 'Voluptatem quidem saepe soluta aut officiis velit culpa aperiam. Vel occaecati rerum officia recusandae ex et. Aut maiores nulla reiciendis exercitationem molestiae qui. Dolorum ratione cupiditate id praesentium.', 95, 0, 1, 7667, '2012-05-11 22:26:46', '2016-05-07 02:22:39');
INSERT INTO `posts` (`id`, `user_id`, `community_id`, `head`, `body`, `media_id`, `is_public`, `is_archived`, `views_counter`, `created_at`, `updated_at`) VALUES (96, 96, 96, 'Et rerum est quis rerum dolorem sint.', 'Expedita aut facere sit ratione dolorem et. Amet qui laborum doloremque qui quae. Cum beatae quia occaecati officia ut esse quasi.', 96, 0, 1, 8563, '2019-09-28 18:42:35', '2017-07-21 18:16:47');
INSERT INTO `posts` (`id`, `user_id`, `community_id`, `head`, `body`, `media_id`, `is_public`, `is_archived`, `views_counter`, `created_at`, `updated_at`) VALUES (97, 97, 97, 'Et dolore dolorum et a.', 'Ipsam enim eum sapiente quia. Iste at ullam rerum nulla eaque praesentium laborum. In vero dolorum voluptas et qui atque sint voluptates.', 97, 0, 1, 2, '2018-12-25 00:04:16', '2016-11-26 11:09:47');
INSERT INTO `posts` (`id`, `user_id`, `community_id`, `head`, `body`, `media_id`, `is_public`, `is_archived`, `views_counter`, `created_at`, `updated_at`) VALUES (98, 98, 98, 'Totam necessitatibus deserunt recusandae fuga quis ut.', 'Aut iure illo eos non culpa expedita. Dicta dignissimos ut qui atque ut nesciunt porro quis. Et odio molestiae sint reiciendis possimus saepe mollitia.', 98, 1, 0, 9751192, '2017-03-29 05:01:06', '2013-11-04 22:35:38');
INSERT INTO `posts` (`id`, `user_id`, `community_id`, `head`, `body`, `media_id`, `is_public`, `is_archived`, `views_counter`, `created_at`, `updated_at`) VALUES (99, 99, 99, 'Dolore omnis sed error omnis rerum dolorem.', 'Officia asperiores culpa sequi. Ut ea non et explicabo eos.', 99, 1, 0, 633, '2010-11-23 16:11:25', '2016-04-05 12:13:59');
INSERT INTO `posts` (`id`, `user_id`, `community_id`, `head`, `body`, `media_id`, `is_public`, `is_archived`, `views_counter`, `created_at`, `updated_at`) VALUES (100, 100, 100, 'At nihil non temporibus eos quibusdam.', 'Voluptate minus quia veritatis tempora eum culpa. Repellendus ipsa esse cumque dolor beatae atque. Qui eius ipsum autem esse iusto aut.', 100, 1, 1, 31700, '2019-11-17 09:44:38', '2010-11-09 16:24:50');


#
# TABLE STRUCTURE FOR: users
#

DROP TABLE IF EXISTS `users`;

CREATE TABLE `users` (
  `id` int(10) unsigned NOT NULL AUTO_INCREMENT COMMENT 'Идентификатор строки',
  `first_name` varchar(100) COLLATE utf8_unicode_ci NOT NULL,
  PRIMARY KEY (`id`)
) ENGINE=InnoDB AUTO_INCREMENT=101 DEFAULT CHARSET=utf8 COLLATE=utf8_unicode_ci;

INSERT INTO `users` (`id`, `first_name`) VALUES (1, 'Roslyn');
INSERT INTO `users` (`id`, `first_name`) VALUES (2, 'Waylon');
INSERT INTO `users` (`id`, `first_name`) VALUES (3, 'Gene');
INSERT INTO `users` (`id`, `first_name`) VALUES (4, 'Dedrick');
INSERT INTO `users` (`id`, `first_name`) VALUES (5, 'Myles');
INSERT INTO `users` (`id`, `first_name`) VALUES (6, 'Abbigail');
INSERT INTO `users` (`id`, `first_name`) VALUES (7, 'Laurie');
INSERT INTO `users` (`id`, `first_name`) VALUES (8, 'Darrel');
INSERT INTO `users` (`id`, `first_name`) VALUES (9, 'Stanton');
INSERT INTO `users` (`id`, `first_name`) VALUES (10, 'Otis');
INSERT INTO `users` (`id`, `first_name`) VALUES (11, 'Justice');
INSERT INTO `users` (`id`, `first_name`) VALUES (12, 'Mandy');
INSERT INTO `users` (`id`, `first_name`) VALUES (13, 'Jennyfer');
INSERT INTO `users` (`id`, `first_name`) VALUES (14, 'Wanda');
INSERT INTO `users` (`id`, `first_name`) VALUES (15, 'Barbara');
INSERT INTO `users` (`id`, `first_name`) VALUES (16, 'Dalton');
INSERT INTO `users` (`id`, `first_name`) VALUES (17, 'Zane');
INSERT INTO `users` (`id`, `first_name`) VALUES (18, 'Arturo');
INSERT INTO `users` (`id`, `first_name`) VALUES (19, 'Harmony');
INSERT INTO `users` (`id`, `first_name`) VALUES (20, 'Buddy');
INSERT INTO `users` (`id`, `first_name`) VALUES (21, 'Frida');
INSERT INTO `users` (`id`, `first_name`) VALUES (22, 'Camden');
INSERT INTO `users` (`id`, `first_name`) VALUES (23, 'Gerson');
INSERT INTO `users` (`id`, `first_name`) VALUES (24, 'Laurine');
INSERT INTO `users` (`id`, `first_name`) VALUES (25, 'Rachael');
INSERT INTO `users` (`id`, `first_name`) VALUES (26, 'Cletus');
INSERT INTO `users` (`id`, `first_name`) VALUES (27, 'Macie');
INSERT INTO `users` (`id`, `first_name`) VALUES (28, 'Glen');
INSERT INTO `users` (`id`, `first_name`) VALUES (29, 'Verla');
INSERT INTO `users` (`id`, `first_name`) VALUES (30, 'Jess');
INSERT INTO `users` (`id`, `first_name`) VALUES (31, 'Rachael');
INSERT INTO `users` (`id`, `first_name`) VALUES (32, 'Emilia');
INSERT INTO `users` (`id`, `first_name`) VALUES (33, 'Mary');
INSERT INTO `users` (`id`, `first_name`) VALUES (34, 'Everett');
INSERT INTO `users` (`id`, `first_name`) VALUES (35, 'Cheyenne');
INSERT INTO `users` (`id`, `first_name`) VALUES (36, 'Nia');
INSERT INTO `users` (`id`, `first_name`) VALUES (37, 'Alysa');
INSERT INTO `users` (`id`, `first_name`) VALUES (38, 'Lexus');
INSERT INTO `users` (`id`, `first_name`) VALUES (39, 'Israel');
INSERT INTO `users` (`id`, `first_name`) VALUES (40, 'Mavis');
INSERT INTO `users` (`id`, `first_name`) VALUES (41, 'Scottie');
INSERT INTO `users` (`id`, `first_name`) VALUES (42, 'Broderick');
INSERT INTO `users` (`id`, `first_name`) VALUES (43, 'Ricardo');
INSERT INTO `users` (`id`, `first_name`) VALUES (44, 'Vladimir');
INSERT INTO `users` (`id`, `first_name`) VALUES (45, 'Mackenzie');
INSERT INTO `users` (`id`, `first_name`) VALUES (46, 'Loyce');
INSERT INTO `users` (`id`, `first_name`) VALUES (47, 'Darwin');
INSERT INTO `users` (`id`, `first_name`) VALUES (48, 'Emie');
INSERT INTO `users` (`id`, `first_name`) VALUES (49, 'Harrison');
INSERT INTO `users` (`id`, `first_name`) VALUES (50, 'Conrad');
INSERT INTO `users` (`id`, `first_name`) VALUES (51, 'Zachery');
INSERT INTO `users` (`id`, `first_name`) VALUES (52, 'Raquel');
INSERT INTO `users` (`id`, `first_name`) VALUES (53, 'Halle');
INSERT INTO `users` (`id`, `first_name`) VALUES (54, 'Paolo');
INSERT INTO `users` (`id`, `first_name`) VALUES (55, 'Stefan');
INSERT INTO `users` (`id`, `first_name`) VALUES (56, 'Aurelio');
INSERT INTO `users` (`id`, `first_name`) VALUES (57, 'Brielle');
INSERT INTO `users` (`id`, `first_name`) VALUES (58, 'Jaime');
INSERT INTO `users` (`id`, `first_name`) VALUES (59, 'Adriel');
INSERT INTO `users` (`id`, `first_name`) VALUES (60, 'Fae');
INSERT INTO `users` (`id`, `first_name`) VALUES (61, 'Vladimir');
INSERT INTO `users` (`id`, `first_name`) VALUES (62, 'Sydnee');
INSERT INTO `users` (`id`, `first_name`) VALUES (63, 'Jasper');
INSERT INTO `users` (`id`, `first_name`) VALUES (64, 'Jared');
INSERT INTO `users` (`id`, `first_name`) VALUES (65, 'Buster');
INSERT INTO `users` (`id`, `first_name`) VALUES (66, 'Aisha');
INSERT INTO `users` (`id`, `first_name`) VALUES (67, 'Evie');
INSERT INTO `users` (`id`, `first_name`) VALUES (68, 'Arvid');
INSERT INTO `users` (`id`, `first_name`) VALUES (69, 'Berry');
INSERT INTO `users` (`id`, `first_name`) VALUES (70, 'Genevieve');
INSERT INTO `users` (`id`, `first_name`) VALUES (71, 'Louvenia');
INSERT INTO `users` (`id`, `first_name`) VALUES (72, 'Chelsea');
INSERT INTO `users` (`id`, `first_name`) VALUES (73, 'Karina');
INSERT INTO `users` (`id`, `first_name`) VALUES (74, 'Mattie');
INSERT INTO `users` (`id`, `first_name`) VALUES (75, 'Geoffrey');
INSERT INTO `users` (`id`, `first_name`) VALUES (76, 'Patricia');
INSERT INTO `users` (`id`, `first_name`) VALUES (77, 'Darryl');
INSERT INTO `users` (`id`, `first_name`) VALUES (78, 'Dayton');
INSERT INTO `users` (`id`, `first_name`) VALUES (79, 'Jerrold');
INSERT INTO `users` (`id`, `first_name`) VALUES (80, 'Alanis');
INSERT INTO `users` (`id`, `first_name`) VALUES (81, 'Delaney');
INSERT INTO `users` (`id`, `first_name`) VALUES (82, 'Cecil');
INSERT INTO `users` (`id`, `first_name`) VALUES (83, 'Reba');
INSERT INTO `users` (`id`, `first_name`) VALUES (84, 'Briana');
INSERT INTO `users` (`id`, `first_name`) VALUES (85, 'Gladyce');
INSERT INTO `users` (`id`, `first_name`) VALUES (86, 'Oleta');
INSERT INTO `users` (`id`, `first_name`) VALUES (87, 'Gregoria');
INSERT INTO `users` (`id`, `first_name`) VALUES (88, 'Braxton');
INSERT INTO `users` (`id`, `first_name`) VALUES (89, 'Era');
INSERT INTO `users` (`id`, `first_name`) VALUES (90, 'Virgie');
INSERT INTO `users` (`id`, `first_name`) VALUES (91, 'Mack');
INSERT INTO `users` (`id`, `first_name`) VALUES (92, 'Hillard');
INSERT INTO `users` (`id`, `first_name`) VALUES (93, 'Candido');
INSERT INTO `users` (`id`, `first_name`) VALUES (94, 'Keith');
INSERT INTO `users` (`id`, `first_name`) VALUES (95, 'Bradley');
INSERT INTO `users` (`id`, `first_name`) VALUES (96, 'Dixie');
INSERT INTO `users` (`id`, `first_name`) VALUES (97, 'Adeline');
INSERT INTO `users` (`id`, `first_name`) VALUES (98, 'Aditya');
INSERT INTO `users` (`id`, `first_name`) VALUES (99, 'Gayle');
INSERT INTO `users` (`id`, `first_name`) VALUES (100, 'Shyann');


