-- MySQL dump 10.13  Distrib 8.0.20, for Linux (x86_64)
--
-- Host: localhost    Database: vk
-- ------------------------------------------------------
-- Server version	8.0.20-0ubuntu0.20.04.1

/*!40101 SET @OLD_CHARACTER_SET_CLIENT=@@CHARACTER_SET_CLIENT */;
/*!40101 SET @OLD_CHARACTER_SET_RESULTS=@@CHARACTER_SET_RESULTS */;
/*!40101 SET @OLD_COLLATION_CONNECTION=@@COLLATION_CONNECTION */;
/*!50503 SET NAMES utf8mb4 */;
/*!40103 SET @OLD_TIME_ZONE=@@TIME_ZONE */;
/*!40103 SET TIME_ZONE='+00:00' */;
/*!40014 SET @OLD_UNIQUE_CHECKS=@@UNIQUE_CHECKS, UNIQUE_CHECKS=0 */;
/*!40014 SET @OLD_FOREIGN_KEY_CHECKS=@@FOREIGN_KEY_CHECKS, FOREIGN_KEY_CHECKS=0 */;
/*!40101 SET @OLD_SQL_MODE=@@SQL_MODE, SQL_MODE='NO_AUTO_VALUE_ON_ZERO' */;
/*!40111 SET @OLD_SQL_NOTES=@@SQL_NOTES, SQL_NOTES=0 */;

--
-- Table structure for table `communities`
--

DROP TABLE IF EXISTS `communities`;
/*!40101 SET @saved_cs_client     = @@character_set_client */;
/*!50503 SET character_set_client = utf8mb4 */;
CREATE TABLE `communities` (
  `id` int unsigned NOT NULL AUTO_INCREMENT COMMENT 'Идентификатор сроки',
  `name` varchar(150) CHARACTER SET utf8 COLLATE utf8_unicode_ci NOT NULL COMMENT 'Название группы',
  `created_at` datetime DEFAULT CURRENT_TIMESTAMP COMMENT 'Время создания строки',
  `updated_at` datetime DEFAULT CURRENT_TIMESTAMP ON UPDATE CURRENT_TIMESTAMP COMMENT 'Время обновления строки',
  PRIMARY KEY (`id`),
  UNIQUE KEY `name` (`name`)
) ENGINE=InnoDB AUTO_INCREMENT=101 DEFAULT CHARSET=utf8 COLLATE=utf8_unicode_ci COMMENT='Группы';
/*!40101 SET character_set_client = @saved_cs_client */;

--
-- Dumping data for table `communities`
--

LOCK TABLES `communities` WRITE;
/*!40000 ALTER TABLE `communities` DISABLE KEYS */;
INSERT INTO `communities` VALUES (1,'commodi','2016-03-01 16:59:21','2012-05-10 04:28:13'),(2,'rerum','2013-05-28 13:53:37','2012-03-01 22:05:44'),(3,'dolore','2013-10-13 20:47:27','2012-04-30 15:34:49'),(4,'reiciendis','2013-07-16 05:15:33','2012-09-01 16:16:52'),(5,'voluptatem','2014-08-18 05:59:18','2017-05-18 09:58:39'),(6,'omnis','2012-10-06 10:42:02','2014-02-21 13:25:47'),(7,'ullam','2013-09-16 00:47:47','2017-02-25 08:02:02'),(8,'mollitia','2013-08-19 12:14:15','2014-09-17 14:02:42'),(9,'velit','2017-02-16 19:01:20','2015-02-13 16:28:28'),(10,'minus','2013-11-14 18:30:26','2013-05-29 18:03:58'),(11,'aut','2020-06-21 00:15:45','2015-01-18 01:46:29'),(12,'eos','2013-06-01 02:17:04','2016-06-08 04:05:02'),(13,'consequuntur','2014-03-31 19:13:11','2012-12-03 14:24:12'),(14,'eaque','2016-08-12 12:10:22','2020-03-08 22:31:16'),(15,'ut','2011-02-19 11:57:07','2011-12-08 20:01:28'),(16,'iure','2014-06-22 20:48:47','2015-03-29 15:57:10'),(17,'nam','2012-01-26 03:00:07','2020-05-13 05:04:54'),(18,'quis','2013-05-23 11:53:22','2014-01-09 14:20:27'),(19,'est','2013-06-25 12:08:07','2016-02-16 17:02:54'),(20,'ea','2017-09-19 01:39:14','2020-02-16 04:43:55');
/*!40000 ALTER TABLE `communities` ENABLE KEYS */;
UNLOCK TABLES;

--
-- Table structure for table `communities_users`
--

DROP TABLE IF EXISTS `communities_users`;
/*!40101 SET @saved_cs_client     = @@character_set_client */;
/*!50503 SET character_set_client = utf8mb4 */;
CREATE TABLE `communities_users` (
  `community_id` int unsigned NOT NULL COMMENT 'Ссылка на группу',
  `user_id` int unsigned NOT NULL COMMENT 'Ссылка на пользователя',
  `created_at` datetime DEFAULT CURRENT_TIMESTAMP COMMENT 'Время создания строки',
  PRIMARY KEY (`community_id`,`user_id`) COMMENT 'Составной первичный ключ'
) ENGINE=InnoDB DEFAULT CHARSET=utf8 COLLATE=utf8_unicode_ci COMMENT='Участники групп, связь между пользователями и группами';
/*!40101 SET character_set_client = @saved_cs_client */;

--
-- Dumping data for table `communities_users`
--

LOCK TABLES `communities_users` WRITE;
/*!40000 ALTER TABLE `communities_users` DISABLE KEYS */;
INSERT INTO `communities_users` VALUES (1,34,'2015-07-27 04:31:16'),(1,35,'2012-05-28 23:13:58'),(1,40,'2018-05-05 09:35:16'),(1,47,'2015-11-07 08:32:01'),(1,49,'2014-08-21 04:35:58'),(1,80,'2013-09-12 02:51:10'),(1,82,'2020-04-01 19:44:03'),(1,84,'2014-03-09 17:28:28'),(1,92,'2015-08-30 19:21:50'),(2,2,'2014-03-30 06:39:17'),(2,11,'2012-04-02 21:30:04'),(2,21,'2018-04-17 08:32:46'),(2,30,'2013-11-24 08:05:04'),(2,46,'2015-04-09 22:50:08'),(2,60,'2014-07-29 22:56:18'),(2,62,'2020-07-23 23:52:50'),(2,73,'2018-10-21 18:22:37'),(2,90,'2010-12-09 06:35:37'),(3,41,'2011-03-28 11:33:35'),(3,70,'2020-03-27 03:17:47'),(4,20,'2016-02-13 16:57:15'),(4,53,'2013-12-08 15:45:12'),(5,8,'2014-01-11 02:22:39'),(5,10,'2010-12-26 03:42:13'),(5,26,'2019-05-24 22:17:09'),(5,58,'2014-03-15 13:06:24'),(5,72,'2017-01-13 16:31:53'),(5,88,'2014-12-12 04:44:43'),(6,15,'2019-08-14 23:20:08'),(6,19,'2014-07-11 06:41:49'),(6,61,'2019-07-02 10:23:06'),(6,86,'2011-10-25 06:34:10'),(6,95,'2014-03-06 20:04:49'),(6,96,'2013-05-28 06:11:48'),(8,9,'2012-03-20 19:31:56'),(8,18,'2018-05-03 05:54:17'),(8,24,'2015-12-24 15:57:55'),(8,66,'2020-07-11 11:18:08'),(9,27,'2012-11-28 15:51:17'),(9,45,'2015-01-29 11:28:51'),(9,54,'2013-06-23 20:46:37'),(9,57,'2013-11-04 01:59:01'),(9,81,'2018-05-28 22:42:14'),(9,87,'2018-01-01 01:53:49'),(9,91,'2012-10-28 13:45:03'),(10,1,'2019-07-18 07:55:49'),(10,16,'2017-12-23 06:20:13'),(10,52,'2012-11-01 16:34:34'),(10,65,'2010-11-29 14:27:52'),(10,75,'2013-05-15 09:08:53'),(10,97,'2012-07-10 10:29:10'),(11,12,'2019-08-08 21:16:21'),(11,13,'2020-01-03 00:44:28'),(11,32,'2015-08-26 20:26:04'),(11,74,'2011-08-27 01:20:41'),(11,99,'2010-09-09 10:32:13'),(12,6,'2019-12-24 06:38:00'),(12,7,'2011-07-17 14:05:17'),(12,17,'2020-02-29 19:23:01'),(12,55,'2016-04-26 15:02:31'),(12,63,'2015-07-19 07:26:00'),(12,67,'2018-10-09 17:43:06'),(12,79,'2018-01-20 16:29:05'),(12,98,'2018-09-19 02:16:35'),(13,28,'2014-03-11 20:30:09'),(13,42,'2011-11-25 07:58:36'),(13,56,'2012-08-05 00:41:18'),(13,64,'2016-01-14 16:37:16'),(13,69,'2011-06-09 11:57:18'),(13,78,'2018-09-06 06:09:34'),(14,39,'2014-09-02 06:02:09'),(14,68,'2014-02-17 04:16:42'),(14,85,'2015-03-31 12:13:53'),(15,33,'2017-11-17 06:31:32'),(15,37,'2013-11-08 18:13:12'),(15,43,'2014-12-31 07:50:45'),(15,44,'2014-11-16 15:02:45'),(15,59,'2017-07-17 23:02:29'),(15,71,'2018-04-22 08:18:46'),(15,93,'2010-12-14 13:41:19'),(15,94,'2012-05-21 04:09:37'),(16,4,'2015-09-26 03:30:57'),(16,5,'2018-11-14 03:43:22'),(16,29,'2019-02-03 08:42:05'),(16,38,'2012-11-10 06:43:02'),(16,50,'2016-09-15 23:31:56'),(16,51,'2012-07-25 01:23:19'),(17,22,'2016-02-28 08:17:21'),(17,48,'2019-02-04 11:18:07'),(17,77,'2016-01-23 20:25:34'),(17,83,'2014-09-19 06:35:30'),(18,25,'2015-04-18 21:13:41'),(18,76,'2018-09-16 14:11:22'),(19,31,'2014-10-27 04:33:11'),(19,36,'2016-06-12 13:25:40'),(19,100,'2011-03-11 06:40:36'),(20,3,'2019-04-01 17:48:22'),(20,14,'2015-09-25 01:40:07'),(20,23,'2020-04-20 07:19:20'),(20,89,'2011-05-15 16:37:37');
/*!40000 ALTER TABLE `communities_users` ENABLE KEYS */;
UNLOCK TABLES;

--
-- Table structure for table `friendship`
--

DROP TABLE IF EXISTS `friendship`;
/*!40101 SET @saved_cs_client     = @@character_set_client */;
/*!50503 SET character_set_client = utf8mb4 */;
CREATE TABLE `friendship` (
  `user_id` int unsigned NOT NULL COMMENT 'Ссылка на инициатора дружеских отношений',
  `friend_id` int unsigned NOT NULL COMMENT 'Ссылка на получателя приглашения дружить',
  `status_id` int unsigned NOT NULL COMMENT 'Ссылка на статус (текущее состояние) отношений',
  `requested_at` datetime DEFAULT CURRENT_TIMESTAMP COMMENT 'Время отправления приглашения дружить',
  `confirmed_at` datetime DEFAULT NULL COMMENT 'Время подтверждения приглашения',
  `created_at` datetime DEFAULT CURRENT_TIMESTAMP COMMENT 'Время создания строки',
  `updated_at` datetime DEFAULT CURRENT_TIMESTAMP ON UPDATE CURRENT_TIMESTAMP COMMENT 'Время обновления строки',
  PRIMARY KEY (`user_id`,`friend_id`) COMMENT 'Составной первичный ключ'
) ENGINE=InnoDB DEFAULT CHARSET=utf8 COLLATE=utf8_unicode_ci COMMENT='Таблица дружбы';
/*!40101 SET character_set_client = @saved_cs_client */;

--
-- Dumping data for table `friendship`
--

LOCK TABLES `friendship` WRITE;
/*!40000 ALTER TABLE `friendship` DISABLE KEYS */;
INSERT INTO `friendship` VALUES (3,5,1,'2015-09-14 11:33:14','2014-05-04 19:31:52','2014-09-24 07:57:56','2020-07-29 09:12:49'),(4,85,1,'2014-09-07 21:39:38','2016-12-21 01:54:38','2014-06-08 09:59:01','2020-07-29 09:12:49'),(5,3,2,'2011-10-03 14:37:30','2019-04-15 10:12:15','2011-01-24 12:47:19','2020-07-29 09:12:49'),(6,81,3,'2018-09-14 06:30:27','2017-06-04 01:07:22','2016-05-17 11:59:26','2020-07-29 09:12:49'),(7,15,1,'2015-05-22 08:58:36','2012-07-17 16:09:26','2014-06-16 00:30:21','2020-07-29 09:12:49'),(9,16,3,'2012-04-27 17:15:54','2015-08-25 15:26:44','2011-05-04 01:47:26','2020-07-29 09:12:49'),(10,33,2,'2019-07-19 21:40:44','2012-05-16 14:30:37','2015-02-02 11:03:46','2020-07-29 09:12:49'),(10,70,2,'2019-02-21 07:15:40','2013-05-04 07:04:23','2012-09-25 23:28:47','2020-07-29 09:12:49'),(10,79,1,'2013-09-08 13:37:22','2019-12-30 00:55:01','2012-06-21 18:29:24','2020-07-29 09:12:49'),(11,12,2,'2013-10-13 12:57:47','2015-04-21 15:24:33','2013-07-31 06:41:59','2020-07-29 09:12:49'),(11,61,1,'2013-03-18 01:54:39','2013-10-12 14:02:10','2020-03-18 23:04:59','2020-07-29 09:12:49'),(12,2,1,'2018-09-23 10:44:58','2012-11-19 20:44:08','2013-01-26 22:56:22','2020-07-29 09:12:49'),(12,7,2,'2013-02-02 00:53:15','2017-07-03 17:05:11','2016-11-24 22:13:43','2020-07-29 09:12:49'),(13,10,3,'2013-04-25 23:53:05','2011-03-12 10:21:01','2017-04-10 17:24:24','2020-07-29 09:12:49'),(14,65,2,'2019-11-30 10:00:35','2010-07-30 05:51:54','2013-04-08 11:07:10','2020-07-29 09:07:29'),(15,62,2,'2017-11-23 07:01:34','2011-03-07 10:58:41','2012-05-18 06:31:17','2020-07-29 09:12:49'),(16,3,1,'2014-03-06 14:32:02','2014-02-08 23:14:51','2010-12-19 06:20:28','2020-07-29 09:12:49'),(16,60,3,'2016-01-06 20:15:27','2015-07-25 02:09:57','2019-02-28 20:02:16','2020-07-29 09:12:49'),(16,72,3,'2010-10-28 08:31:55','2018-01-24 18:16:45','2019-10-26 09:59:58','2020-07-29 09:12:49'),(17,87,1,'2015-06-28 03:56:44','2011-07-27 18:36:38','2012-12-01 20:09:34','2020-07-29 09:12:49'),(18,11,2,'2012-10-07 09:34:28','2016-03-25 16:59:42','2018-05-25 18:21:27','2020-07-29 09:12:49'),(18,50,3,'2017-05-24 19:18:50','2016-06-10 10:39:44','2017-05-26 11:55:27','2020-07-29 09:12:49'),(19,73,3,'2018-03-08 04:46:26','2012-02-22 21:51:12','2020-03-30 09:39:52','2020-07-29 09:12:49'),(19,82,2,'2018-11-14 16:48:54','2010-12-06 12:29:43','2011-03-22 14:46:03','2020-07-29 09:12:49'),(20,52,1,'2017-12-10 19:12:05','2019-12-09 03:50:36','2017-05-03 12:37:51','2020-07-29 09:12:49'),(24,54,3,'2017-08-21 14:10:17','2016-01-31 22:46:07','2017-01-14 10:27:52','2020-07-29 09:12:49'),(25,53,2,'2019-07-20 07:18:48','2018-05-29 15:05:55','2017-01-03 14:21:09','2020-07-29 09:12:49'),(25,58,3,'2014-06-07 15:11:42','2012-10-12 14:46:15','2017-06-04 18:41:38','2020-07-29 09:12:49'),(26,11,3,'2014-07-09 05:39:22','2017-01-05 01:40:08','2018-11-06 11:11:56','2020-07-29 09:12:49'),(26,26,3,'2011-08-09 19:06:06','2012-07-15 03:27:52','2017-01-20 13:08:56','2020-07-29 09:12:49'),(26,79,2,'2020-04-18 23:33:26','2020-06-23 18:43:45','2015-06-23 07:19:01','2020-07-29 09:12:49'),(27,1,2,'2011-08-13 18:41:35','2010-09-19 03:24:53','2017-12-03 21:18:40','2020-07-29 09:12:49'),(27,99,2,'2013-01-06 17:49:55','2018-09-20 16:19:38','2013-08-13 03:40:19','2020-07-29 09:12:49'),(29,16,2,'2017-12-05 01:13:26','2012-05-01 17:58:30','2017-03-26 04:39:11','2020-07-29 09:12:49'),(33,68,1,'2017-01-26 12:38:32','2019-05-05 22:10:12','2020-01-08 06:31:47','2020-07-29 09:12:49'),(33,71,1,'2019-04-07 03:00:35','2012-08-20 12:27:10','2015-08-07 21:44:42','2020-07-29 09:12:49'),(35,20,1,'2015-09-23 14:07:07','2013-12-27 22:48:31','2017-10-20 15:06:12','2020-07-29 09:12:49'),(35,84,3,'2016-06-07 07:24:39','2015-04-29 00:02:26','2017-02-28 08:46:31','2020-07-29 09:12:49'),(39,35,2,'2017-07-12 03:40:55','2010-08-03 08:25:07','2011-07-30 00:51:31','2020-07-29 09:12:49'),(41,52,1,'2016-03-08 10:05:11','2020-01-20 02:47:29','2013-12-09 00:28:12','2020-07-29 09:12:49'),(42,3,2,'2013-05-06 10:40:04','2011-01-16 08:45:22','2018-12-21 08:04:55','2020-07-29 09:12:49'),(42,10,1,'2013-04-21 08:03:29','2015-10-02 14:34:30','2011-03-11 05:25:07','2020-07-29 09:12:49'),(42,27,3,'2013-05-04 14:27:37','2019-03-15 00:18:04','2019-11-03 10:53:42','2020-07-29 09:12:49'),(45,99,3,'2019-09-06 22:07:41','2010-09-22 12:56:25','2014-04-13 13:55:27','2020-07-29 09:12:49'),(48,21,3,'2010-12-27 16:07:37','2017-02-28 16:53:51','2017-11-21 12:27:49','2020-07-29 09:12:49'),(48,25,2,'2012-05-01 09:38:00','2012-08-11 01:48:08','2017-05-08 23:59:13','2020-07-29 09:12:49'),(48,91,1,'2012-04-07 06:52:52','2018-12-16 20:50:23','2017-11-19 00:57:02','2020-07-29 09:12:49'),(50,7,3,'2019-10-15 08:07:05','2014-06-27 06:40:58','2013-12-06 04:36:21','2020-07-29 09:12:49'),(50,68,3,'2018-03-29 12:56:42','2012-05-18 09:50:11','2011-07-07 19:33:52','2020-07-29 09:12:49'),(50,73,1,'2020-03-04 22:13:07','2020-05-09 13:12:06','2016-09-03 00:41:56','2020-07-29 09:12:49'),(51,97,3,'2013-07-20 22:25:46','2011-10-10 05:42:38','2012-07-06 09:40:44','2020-07-29 09:12:49'),(51,99,3,'2017-02-08 03:37:53','2011-10-28 23:59:52','2011-04-22 02:33:24','2020-07-29 09:12:49'),(53,14,2,'2017-04-08 15:24:00','2016-08-07 00:24:00','2016-05-31 08:00:10','2020-07-29 09:12:49'),(53,20,3,'2017-04-28 03:04:01','2016-05-31 15:17:11','2013-06-19 13:40:56','2020-07-29 09:12:49'),(54,61,3,'2018-04-01 05:35:22','2014-09-02 20:49:00','2019-12-10 18:30:51','2020-07-29 09:12:49'),(56,68,1,'2011-06-20 06:02:45','2014-11-11 06:25:01','2017-12-09 08:46:37','2020-07-29 09:12:49'),(58,85,3,'2019-08-31 22:29:25','2012-08-07 02:28:28','2020-06-28 05:07:02','2020-07-29 09:12:49'),(58,93,1,'2013-07-16 18:46:49','2011-09-21 11:01:00','2017-05-28 13:17:17','2020-07-29 09:12:49'),(59,86,1,'2017-05-11 00:21:42','2019-06-11 10:08:48','2015-05-18 03:32:09','2020-07-29 09:12:49'),(60,37,3,'2018-06-11 08:47:57','2017-06-25 13:12:29','2019-12-26 02:29:11','2020-07-29 09:12:49'),(61,6,2,'2014-12-17 19:15:08','2014-02-09 09:06:13','2013-09-08 14:07:09','2020-07-29 09:12:49'),(62,22,1,'2013-08-28 06:10:54','2017-05-04 18:13:07','2015-11-27 02:30:29','2020-07-29 09:12:49'),(64,83,3,'2019-12-25 09:58:53','2018-09-10 05:09:35','2019-07-19 21:50:47','2020-07-29 09:12:49'),(68,36,2,'2016-07-22 13:10:49','2012-03-05 23:06:09','2012-05-27 22:20:13','2020-07-29 09:12:49'),(69,35,3,'2017-03-10 20:25:50','2019-12-09 23:05:17','2012-05-29 23:02:30','2020-07-29 09:12:49'),(69,71,1,'2014-11-29 10:02:25','2019-03-19 18:50:34','2014-03-22 13:34:58','2020-07-29 09:12:49'),(70,65,1,'2012-04-11 05:36:59','2011-09-15 21:11:00','2017-02-06 16:37:38','2020-07-29 09:12:49'),(71,84,1,'2017-04-06 04:18:06','2012-07-10 04:41:58','2014-05-02 20:01:29','2020-07-29 09:12:49'),(73,41,3,'2017-03-20 12:47:32','2016-12-07 17:58:20','2014-12-08 05:04:33','2020-07-29 09:12:49'),(73,57,3,'2018-06-07 00:51:24','2014-10-23 21:29:31','2012-07-08 15:02:11','2020-07-29 09:12:49'),(74,61,2,'2017-12-27 14:54:26','2020-07-04 17:26:39','2016-04-02 03:03:30','2020-07-29 09:12:49'),(75,44,3,'2019-04-08 12:49:07','2019-08-09 08:12:28','2015-11-09 06:38:09','2020-07-29 09:12:49'),(77,75,3,'2017-04-08 02:52:05','2011-10-15 09:00:57','2013-03-08 08:32:25','2020-07-29 09:12:49'),(80,26,1,'2016-08-22 01:53:22','2013-02-10 02:15:44','2013-04-30 01:59:34','2020-07-29 09:12:49'),(81,23,2,'2017-07-23 19:40:12','2015-12-12 04:40:40','2018-06-17 23:48:48','2020-07-29 09:12:49'),(81,92,1,'2015-06-09 03:09:17','2017-11-17 02:29:52','2015-01-03 18:37:59','2020-07-29 09:12:49'),(83,18,2,'2010-10-19 21:41:41','2014-08-30 11:36:25','2018-08-30 03:16:46','2020-07-29 09:12:49'),(84,76,2,'2014-02-27 11:08:24','2017-09-09 09:49:58','2017-02-09 08:23:53','2020-07-29 09:12:49'),(84,98,1,'2013-08-03 11:10:40','2019-03-04 13:56:41','2013-04-17 23:49:09','2020-07-29 09:12:49'),(85,3,3,'2017-03-18 15:30:17','2014-03-27 09:15:01','2017-05-12 17:35:53','2020-07-29 09:12:49'),(86,17,2,'2012-09-07 20:35:47','2017-05-25 09:05:11','2015-04-18 02:02:17','2020-07-29 09:12:49'),(87,70,3,'2015-05-01 14:58:49','2017-06-15 02:20:48','2016-10-16 23:55:05','2020-07-29 09:12:49'),(88,83,3,'2018-10-16 12:09:27','2015-07-06 15:25:12','2020-04-21 19:32:27','2020-07-29 09:12:49'),(89,38,1,'2018-10-24 20:03:30','2012-03-20 11:28:34','2013-05-29 03:30:07','2020-07-29 09:12:49'),(89,65,2,'2013-10-28 19:33:47','2013-06-04 14:45:28','2016-04-26 22:31:58','2020-07-29 09:12:49'),(90,39,2,'2011-04-03 11:06:36','2017-01-12 02:57:24','2020-02-28 22:46:41','2020-07-29 09:12:49'),(90,70,3,'2018-05-06 00:51:24','2016-08-29 11:20:51','2011-05-30 04:05:08','2020-07-29 09:12:49'),(92,55,1,'2010-12-19 15:01:46','2013-07-06 09:54:45','2012-09-15 18:19:37','2020-07-29 09:12:49'),(94,19,3,'2017-10-18 00:53:28','2012-03-27 05:11:33','2011-02-28 23:50:33','2020-07-29 09:12:49'),(94,21,2,'2013-09-23 19:16:25','2019-03-27 23:00:09','2016-01-31 13:06:57','2020-07-29 09:12:49'),(95,41,1,'2013-02-16 09:23:39','2017-01-09 07:33:46','2019-11-30 03:17:58','2020-07-29 09:12:49'),(96,16,3,'2013-09-19 01:43:19','2013-06-22 11:25:41','2014-01-20 18:17:00','2020-07-29 09:12:49'),(97,69,2,'2013-06-06 08:23:46','2013-08-23 03:56:48','2013-10-31 07:36:20','2020-07-29 09:12:49'),(98,2,2,'2011-01-01 08:30:39','2013-04-15 03:46:55','2019-06-10 16:19:19','2020-07-29 09:12:49'),(98,24,1,'2011-10-12 22:01:22','2012-07-25 13:48:02','2019-03-14 11:29:18','2020-07-29 09:12:49'),(98,40,2,'2010-09-20 13:46:39','2020-05-16 07:13:00','2011-01-15 04:24:09','2020-07-29 09:12:49'),(99,39,3,'2015-01-26 08:49:22','2010-09-26 19:02:54','2020-02-19 09:34:30','2020-07-29 09:12:49'),(99,74,2,'2018-02-26 22:12:11','2017-11-07 04:23:57','2015-05-09 08:46:24','2020-07-29 09:12:49'),(99,86,2,'2012-03-05 10:05:54','2012-12-06 22:26:49','2016-06-25 10:49:36','2020-07-29 09:12:49'),(100,37,1,'2018-05-10 15:13:31','2010-09-20 20:14:47','2012-12-11 07:20:24','2020-07-29 09:12:49');
/*!40000 ALTER TABLE `friendship` ENABLE KEYS */;
UNLOCK TABLES;

--
-- Table structure for table `friendship_statuses`
--

DROP TABLE IF EXISTS `friendship_statuses`;
/*!40101 SET @saved_cs_client     = @@character_set_client */;
/*!50503 SET character_set_client = utf8mb4 */;
CREATE TABLE `friendship_statuses` (
  `id` int unsigned NOT NULL AUTO_INCREMENT COMMENT 'Идентификатор строки',
  `name` varchar(150) CHARACTER SET utf8 COLLATE utf8_unicode_ci NOT NULL COMMENT 'Название статуса',
  `created_at` datetime DEFAULT CURRENT_TIMESTAMP COMMENT 'Время создания строки',
  `updated_at` datetime DEFAULT CURRENT_TIMESTAMP ON UPDATE CURRENT_TIMESTAMP COMMENT 'Время обновления строки',
  PRIMARY KEY (`id`),
  UNIQUE KEY `name` (`name`)
) ENGINE=InnoDB AUTO_INCREMENT=4 DEFAULT CHARSET=utf8 COLLATE=utf8_unicode_ci COMMENT='Статусы дружбы';
/*!40101 SET character_set_client = @saved_cs_client */;

--
-- Dumping data for table `friendship_statuses`
--

LOCK TABLES `friendship_statuses` WRITE;
/*!40000 ALTER TABLE `friendship_statuses` DISABLE KEYS */;
INSERT INTO `friendship_statuses` VALUES (1,'accepted','2020-07-29 09:10:44','2020-07-29 09:10:44'),(2,'declined','2020-07-29 09:10:44','2020-07-29 09:10:44'),(3,'requested','2020-07-29 09:10:44','2020-07-29 09:10:44');
/*!40000 ALTER TABLE `friendship_statuses` ENABLE KEYS */;
UNLOCK TABLES;

--
-- Table structure for table `media`
--

DROP TABLE IF EXISTS `media`;
/*!40101 SET @saved_cs_client     = @@character_set_client */;
/*!50503 SET character_set_client = utf8mb4 */;
CREATE TABLE `media` (
  `id` int unsigned NOT NULL AUTO_INCREMENT COMMENT 'Идентификатор строки',
  `user_id` int unsigned NOT NULL COMMENT 'Ссылка на пользователя, который загрузил файл',
  `filename` varchar(255) CHARACTER SET utf8 COLLATE utf8_unicode_ci NOT NULL COMMENT 'Путь к файлу',
  `size` int NOT NULL COMMENT 'Размер файла',
  `metadata` json DEFAULT NULL,
  `media_type_id` int unsigned NOT NULL COMMENT 'Ссылка на тип контента',
  `created_at` datetime DEFAULT CURRENT_TIMESTAMP COMMENT 'Время создания строки',
  `updated_at` datetime DEFAULT CURRENT_TIMESTAMP ON UPDATE CURRENT_TIMESTAMP COMMENT 'Время обновления строки',
  PRIMARY KEY (`id`),
  CONSTRAINT `media_chk_1` CHECK (json_valid(`metadata`))
) ENGINE=InnoDB AUTO_INCREMENT=101 DEFAULT CHARSET=utf8 COLLATE=utf8_unicode_ci COMMENT='Медиафайлы';
/*!40101 SET character_set_client = @saved_cs_client */;

--
-- Dumping data for table `media`
--

LOCK TABLES `media` WRITE;
/*!40000 ALTER TABLE `media` DISABLE KEYS */;
INSERT INTO `media` VALUES (1,32,'https://dropbox/vk/eveniet.png',8597558,'{\"owner\": \"Scarlett Heidenreich\"}',2,'2012-05-26 16:51:13','2020-07-29 09:01:11'),(2,100,'https://dropbox/vk/animi.png',1816,'{\"owner\": \"Pattie Bergnaum\"}',1,'2020-06-14 03:12:32','2020-07-29 09:01:11'),(3,1,'https://dropbox/vk/natus.avi',8439953,'{\"owner\": \"Shawna Hermiston\"}',3,'2012-03-07 23:31:44','2020-07-29 09:01:11'),(4,6,'https://dropbox/vk/fugiat.png',306812,'{\"owner\": \"Adolf Dickens\"}',2,'2012-02-11 05:59:23','2020-07-29 09:01:11'),(5,28,'https://dropbox/vk/ea.avi',572712,'{\"owner\": \"Kira Leannon\"}',3,'2019-01-13 14:16:25','2020-07-29 09:01:11'),(6,18,'https://dropbox/vk/vitae.png',80185642,'{\"owner\": \"Hollie Breitenberg\"}',3,'2016-01-30 18:58:24','2020-07-29 09:01:11'),(7,9,'https://dropbox/vk/natus.avi',933123,'{\"owner\": \"Ciara Zulauf\"}',1,'2011-08-26 11:54:07','2020-07-29 09:01:11'),(8,88,'https://dropbox/vk/ad.mpeg',5831590,'{\"owner\": \"Milan Block\"}',1,'2017-03-22 19:56:32','2020-07-29 09:01:11'),(9,11,'https://dropbox/vk/facilis.mov',46773209,'{\"owner\": \"Zachary Marquardt\"}',2,'2014-11-27 04:09:38','2020-07-29 09:01:11'),(10,93,'https://dropbox/vk/quidem.avi',937481,'{\"owner\": \"Arnoldo Kirlin\"}',1,'2015-06-27 13:50:56','2020-07-29 09:01:11'),(11,33,'https://dropbox/vk/et.avi',41591423,'{\"owner\": \"Eden Spinka\"}',1,'2014-08-16 23:10:11','2020-07-29 09:01:11'),(12,83,'https://dropbox/vk/quo.mov',85838,'{\"owner\": \"Kenton Green\"}',3,'2014-06-12 12:59:17','2020-07-29 09:01:11'),(13,17,'https://dropbox/vk/saepe.png',981393,'{\"owner\": \"Dalton Powlowski\"}',1,'2018-07-08 20:46:29','2020-07-29 09:01:11'),(14,33,'https://dropbox/vk/voluptatibus.avi',40504,'{\"owner\": \"Eden Spinka\"}',1,'2018-12-17 07:30:01','2020-07-29 09:01:11'),(15,14,'https://dropbox/vk/repellat.png',305026,'{\"owner\": \"Bettye Rau\"}',3,'2019-02-07 21:07:04','2020-07-29 09:01:11'),(16,71,'https://dropbox/vk/esse.jpeg',75443,'{\"owner\": \"Breanna Stark\"}',3,'2020-04-25 22:47:44','2020-07-29 09:01:11'),(17,15,'https://dropbox/vk/non.mov',878034,'{\"owner\": \"Jess Orn\"}',2,'2011-06-26 20:23:36','2020-07-29 09:01:11'),(18,58,'https://dropbox/vk/quod.avi',78388,'{\"owner\": \"Syble Cummings\"}',3,'2012-11-18 16:12:31','2020-07-29 09:01:11'),(19,45,'https://dropbox/vk/porro.avi',5106,'{\"owner\": \"Nicklaus Ferry\"}',3,'2011-01-08 23:26:32','2020-07-29 09:01:11'),(20,51,'https://dropbox/vk/aliquam.jpeg',567728,'{\"owner\": \"Philip Ortiz\"}',2,'2013-11-10 03:44:33','2020-07-29 09:01:11'),(21,18,'https://dropbox/vk/nesciunt.jpeg',194537,'{\"owner\": \"Hollie Breitenberg\"}',2,'2010-08-22 13:18:07','2020-07-29 09:01:11'),(22,37,'https://dropbox/vk/mollitia.mov',311789953,'{\"owner\": \"Madisyn Stoltenberg\"}',3,'2020-04-10 18:16:12','2020-07-29 09:01:11'),(23,32,'https://dropbox/vk/sequi.avi',5863395,'{\"owner\": \"Scarlett Heidenreich\"}',2,'2013-06-24 11:54:35','2020-07-29 09:01:11'),(24,46,'https://dropbox/vk/omnis.mpeg',6450627,'{\"owner\": \"Natalie Bayer\"}',3,'2013-06-29 05:46:18','2020-07-29 09:01:11'),(25,37,'https://dropbox/vk/laboriosam.jpeg',259504,'{\"owner\": \"Madisyn Stoltenberg\"}',3,'2011-09-06 13:11:29','2020-07-29 09:01:11'),(26,44,'https://dropbox/vk/alias.png',7242162,'{\"owner\": \"Jadyn Rohan\"}',1,'2016-10-27 02:39:14','2020-07-29 09:01:11'),(27,10,'https://dropbox/vk/aspernatur.jpeg',457023,'{\"owner\": \"Katrine Kuhic\"}',1,'2013-12-03 10:20:27','2020-07-29 09:01:11'),(28,18,'https://dropbox/vk/id.mpeg',544819941,'{\"owner\": \"Hollie Breitenberg\"}',3,'2018-07-12 01:17:41','2020-07-29 09:01:11'),(29,57,'https://dropbox/vk/sapiente.jpeg',703910,'{\"owner\": \"Lorine Robel\"}',2,'2013-12-18 22:35:06','2020-07-29 09:01:11'),(30,32,'https://dropbox/vk/provident.mpeg',731036,'{\"owner\": \"Scarlett Heidenreich\"}',1,'2010-08-27 04:58:55','2020-07-29 09:01:11'),(31,87,'https://dropbox/vk/libero.mov',510281274,'{\"owner\": \"Clarabelle Hamill\"}',3,'2017-08-05 02:39:17','2020-07-29 09:01:11'),(32,41,'https://dropbox/vk/distinctio.jpeg',684604078,'{\"owner\": \"Krista McLaughlin\"}',1,'2013-10-06 23:15:20','2020-07-29 09:01:11'),(33,41,'https://dropbox/vk/accusamus.mpeg',533451,'{\"owner\": \"Krista McLaughlin\"}',3,'2015-05-07 04:08:23','2020-07-29 09:01:11'),(34,84,'https://dropbox/vk/nesciunt.mpeg',464147,'{\"owner\": \"Lue Howe\"}',2,'2019-07-01 09:54:37','2020-07-29 09:01:11'),(35,94,'https://dropbox/vk/voluptatibus.mpeg',710384,'{\"owner\": \"Alexzander Johnson\"}',1,'2018-08-31 23:19:36','2020-07-29 09:01:11'),(36,18,'https://dropbox/vk/ipsam.jpeg',149477,'{\"owner\": \"Hollie Breitenberg\"}',2,'2010-12-07 09:34:06','2020-07-29 09:01:11'),(37,9,'https://dropbox/vk/deserunt.mov',3403401,'{\"owner\": \"Ciara Zulauf\"}',3,'2012-06-25 12:56:14','2020-07-29 09:01:11'),(38,91,'https://dropbox/vk/ut.jpeg',606236,'{\"owner\": \"Emelia Baumbach\"}',2,'2014-04-11 21:09:03','2020-07-29 09:01:11'),(39,25,'https://dropbox/vk/voluptatem.avi',684062,'{\"owner\": \"Crawford Casper\"}',2,'2019-04-03 22:30:08','2020-07-29 09:01:11'),(40,54,'https://dropbox/vk/commodi.png',96667,'{\"owner\": \"Finn Klein\"}',1,'2012-11-30 11:43:43','2020-07-29 09:01:11'),(41,92,'https://dropbox/vk/nisi.jpeg',572750,'{\"owner\": \"Camren Mitchell\"}',1,'2018-03-17 10:36:16','2020-07-29 09:01:11'),(42,98,'https://dropbox/vk/id.mpeg',514885,'{\"owner\": \"Jacinthe Kunde\"}',3,'2014-12-02 15:56:23','2020-07-29 09:01:11'),(43,13,'https://dropbox/vk/qui.jpeg',35044,'{\"owner\": \"Lyla Treutel\"}',2,'2016-01-27 22:32:09','2020-07-29 09:01:11'),(44,69,'https://dropbox/vk/qui.png',17061813,'{\"owner\": \"June Doyle\"}',2,'2016-03-01 03:43:50','2020-07-29 09:01:11'),(45,7,'https://dropbox/vk/nisi.mpeg',990633,'{\"owner\": \"Josefina Huels\"}',2,'2015-02-10 07:29:56','2020-07-29 09:01:11'),(46,29,'https://dropbox/vk/blanditiis.jpeg',54935205,'{\"owner\": \"Ward Towne\"}',1,'2015-03-09 17:05:27','2020-07-29 09:01:11'),(47,24,'https://dropbox/vk/quod.mov',22875,'{\"owner\": \"Serena Leannon\"}',1,'2015-02-10 21:47:27','2020-07-29 09:01:11'),(48,32,'https://dropbox/vk/laborum.avi',93707,'{\"owner\": \"Scarlett Heidenreich\"}',2,'2016-01-01 06:00:24','2020-07-29 09:01:11'),(49,89,'https://dropbox/vk/voluptatem.jpeg',87910,'{\"owner\": \"Gregory Hilpert\"}',3,'2014-07-31 17:05:01','2020-07-29 09:01:11'),(50,46,'https://dropbox/vk/sed.mpeg',6529,'{\"owner\": \"Natalie Bayer\"}',3,'2019-08-10 00:39:59','2020-07-29 09:01:11'),(51,63,'https://dropbox/vk/sed.avi',446967,'{\"owner\": \"Kacey Mitchell\"}',2,'2013-04-06 18:13:53','2020-07-29 09:01:11'),(52,77,'https://dropbox/vk/aut.avi',24267,'{\"owner\": \"Annetta Luettgen\"}',3,'2020-01-21 07:17:55','2020-07-29 09:01:11'),(53,97,'https://dropbox/vk/deserunt.jpeg',757757,'{\"owner\": \"Coralie O\'Hara\"}',3,'2010-07-29 21:11:35','2020-07-29 09:01:11'),(54,53,'https://dropbox/vk/quidem.mpeg',119706,'{\"owner\": \"Tony Mosciski\"}',2,'2015-12-20 19:05:54','2020-07-29 09:01:11'),(55,75,'https://dropbox/vk/eius.mpeg',1102163,'{\"owner\": \"Violet Boyle\"}',1,'2012-04-22 01:10:37','2020-07-29 09:01:11'),(56,14,'https://dropbox/vk/non.png',583746,'{\"owner\": \"Bettye Rau\"}',3,'2017-03-16 06:56:12','2020-07-29 09:01:11'),(57,43,'https://dropbox/vk/sequi.mpeg',938606821,'{\"owner\": \"Eudora Bauch\"}',2,'2019-05-20 10:02:43','2020-07-29 09:01:11'),(58,75,'https://dropbox/vk/tempora.mov',247629,'{\"owner\": \"Violet Boyle\"}',1,'2017-03-06 01:20:49','2020-07-29 09:01:11'),(59,46,'https://dropbox/vk/dolorem.mpeg',8010437,'{\"owner\": \"Natalie Bayer\"}',3,'2018-10-10 18:59:25','2020-07-29 09:01:11'),(60,3,'https://dropbox/vk/adipisci.mov',3010608,'{\"owner\": \"Jordane Ward\"}',2,'2013-11-05 07:02:46','2020-07-29 09:01:11'),(61,77,'https://dropbox/vk/tempore.png',126975,'{\"owner\": \"Annetta Luettgen\"}',3,'2016-01-05 22:05:36','2020-07-29 09:01:11'),(62,75,'https://dropbox/vk/sit.mpeg',74094076,'{\"owner\": \"Violet Boyle\"}',3,'2011-05-12 14:18:06','2020-07-29 09:01:11'),(63,43,'https://dropbox/vk/et.mov',32861577,'{\"owner\": \"Eudora Bauch\"}',2,'2010-08-11 07:22:05','2020-07-29 09:01:11'),(64,89,'https://dropbox/vk/suscipit.mpeg',869026,'{\"owner\": \"Gregory Hilpert\"}',2,'2017-04-13 06:18:22','2020-07-29 09:01:11'),(65,14,'https://dropbox/vk/et.png',592244,'{\"owner\": \"Bettye Rau\"}',1,'2016-04-30 22:10:07','2020-07-29 09:01:11'),(66,5,'https://dropbox/vk/facere.png',589188,'{\"owner\": \"Demarcus Steuber\"}',3,'2018-01-19 16:05:21','2020-07-29 09:01:11'),(67,82,'https://dropbox/vk/consequuntur.mov',53737,'{\"owner\": \"Alberto Adams\"}',3,'2017-02-13 02:29:57','2020-07-29 09:01:11'),(68,94,'https://dropbox/vk/tenetur.jpeg',344144,'{\"owner\": \"Alexzander Johnson\"}',1,'2015-08-25 10:12:35','2020-07-29 09:01:11'),(69,24,'https://dropbox/vk/consequatur.mov',933986,'{\"owner\": \"Serena Leannon\"}',3,'2011-04-10 17:03:06','2020-07-29 09:01:11'),(70,37,'https://dropbox/vk/placeat.avi',37402509,'{\"owner\": \"Madisyn Stoltenberg\"}',2,'2010-08-03 13:29:29','2020-07-29 09:01:11'),(71,12,'https://dropbox/vk/itaque.mov',627501,'{\"owner\": \"Jarrell Kshlerin\"}',3,'2012-02-11 02:33:49','2020-07-29 09:01:11'),(72,49,'https://dropbox/vk/iusto.png',325545,'{\"owner\": \"Bonnie Fahey\"}',3,'2017-02-15 01:19:28','2020-07-29 09:01:11'),(73,9,'https://dropbox/vk/omnis.png',735224,'{\"owner\": \"Ciara Zulauf\"}',3,'2012-06-13 00:34:43','2020-07-29 09:01:11'),(74,96,'https://dropbox/vk/ad.mpeg',390149,'{\"owner\": \"Kurt Daniel\"}',2,'2016-03-06 06:40:41','2020-07-29 09:01:11'),(75,54,'https://dropbox/vk/tempore.jpeg',4691664,'{\"owner\": \"Finn Klein\"}',1,'2011-01-11 18:14:34','2020-07-29 09:01:11'),(76,79,'https://dropbox/vk/voluptate.mpeg',689486,'{\"owner\": \"Elwyn Rowe\"}',1,'2020-02-11 15:34:19','2020-07-29 09:01:11'),(77,36,'https://dropbox/vk/dolor.mov',684387,'{\"owner\": \"Ada Flatley\"}',3,'2014-08-19 04:02:04','2020-07-29 09:01:11'),(78,40,'https://dropbox/vk/beatae.png',2692,'{\"owner\": \"Alberto Upton\"}',3,'2017-04-11 01:52:26','2020-07-29 09:01:11'),(79,91,'https://dropbox/vk/minima.mpeg',19761,'{\"owner\": \"Emelia Baumbach\"}',1,'2019-08-22 01:13:05','2020-07-29 09:01:11'),(80,37,'https://dropbox/vk/praesentium.mov',697280671,'{\"owner\": \"Madisyn Stoltenberg\"}',1,'2017-08-29 03:23:49','2020-07-29 09:01:11'),(81,12,'https://dropbox/vk/quia.mpeg',69321,'{\"owner\": \"Jarrell Kshlerin\"}',3,'2018-11-24 08:59:10','2020-07-29 09:01:11'),(82,49,'https://dropbox/vk/ut.mov',231760,'{\"owner\": \"Bonnie Fahey\"}',2,'2018-01-26 22:53:50','2020-07-29 09:01:11'),(83,9,'https://dropbox/vk/vitae.mov',82136127,'{\"owner\": \"Ciara Zulauf\"}',3,'2013-05-06 08:37:14','2020-07-29 09:01:11'),(84,96,'https://dropbox/vk/et.mpeg',80340,'{\"owner\": \"Kurt Daniel\"}',3,'2016-11-02 23:23:23','2020-07-29 09:01:11'),(85,54,'https://dropbox/vk/architecto.png',696423,'{\"owner\": \"Finn Klein\"}',2,'2019-10-06 12:02:50','2020-07-29 09:01:11'),(86,79,'https://dropbox/vk/libero.jpeg',231092,'{\"owner\": \"Elwyn Rowe\"}',2,'2011-07-11 05:32:54','2020-07-29 09:01:11'),(87,32,'https://dropbox/vk/corporis.mpeg',8545506,'{\"owner\": \"Scarlett Heidenreich\"}',1,'2018-05-02 16:07:24','2020-07-29 09:01:11'),(88,22,'https://dropbox/vk/provident.avi',56195,'{\"owner\": \"Kelsi Hackett\"}',3,'2019-12-14 18:18:56','2020-07-29 09:01:11'),(89,16,'https://dropbox/vk/rerum.avi',5641090,'{\"owner\": \"Destiney Romaguera\"}',2,'2013-05-17 07:36:26','2020-07-29 09:01:11'),(90,12,'https://dropbox/vk/maxime.avi',13655121,'{\"owner\": \"Jarrell Kshlerin\"}',3,'2017-02-21 16:11:38','2020-07-29 09:01:11'),(91,12,'https://dropbox/vk/suscipit.jpeg',577697,'{\"owner\": \"Jarrell Kshlerin\"}',3,'2020-06-09 15:10:08','2020-07-29 09:01:11'),(92,22,'https://dropbox/vk/et.png',709902,'{\"owner\": \"Kelsi Hackett\"}',2,'2011-02-15 11:41:22','2020-07-29 09:01:11'),(93,76,'https://dropbox/vk/asperiores.mpeg',806418,'{\"owner\": \"Noel Nolan\"}',2,'2011-03-18 01:51:13','2020-07-29 09:01:11'),(94,11,'https://dropbox/vk/ut.avi',2576,'{\"owner\": \"Zachary Marquardt\"}',1,'2013-09-26 11:57:31','2020-07-29 09:01:11'),(95,29,'https://dropbox/vk/assumenda.mov',892387,'{\"owner\": \"Ward Towne\"}',3,'2017-04-19 19:49:04','2020-07-29 09:01:11'),(96,12,'https://dropbox/vk/ut.avi',62920317,'{\"owner\": \"Jarrell Kshlerin\"}',1,'2011-11-06 11:11:26','2020-07-29 09:01:11'),(97,73,'https://dropbox/vk/provident.mov',6900,'{\"owner\": \"Logan Reichel\"}',3,'2013-10-22 07:11:03','2020-07-29 09:01:11'),(98,26,'https://dropbox/vk/accusamus.jpeg',12758,'{\"owner\": \"Cydney Kihn\"}',2,'2018-02-05 05:27:30','2020-07-29 09:01:11'),(99,13,'https://dropbox/vk/laborum.mov',32680,'{\"owner\": \"Lyla Treutel\"}',3,'2012-02-28 05:06:06','2020-07-29 09:01:11'),(100,84,'https://dropbox/vk/corrupti.mov',476241,'{\"owner\": \"Lue Howe\"}',3,'2015-04-21 08:22:29','2020-07-29 09:01:11');
/*!40000 ALTER TABLE `media` ENABLE KEYS */;
UNLOCK TABLES;

--
-- Table structure for table `media_types`
--

DROP TABLE IF EXISTS `media_types`;
/*!40101 SET @saved_cs_client     = @@character_set_client */;
/*!50503 SET character_set_client = utf8mb4 */;
CREATE TABLE `media_types` (
  `id` int unsigned NOT NULL AUTO_INCREMENT COMMENT 'Идентификатор строки',
  `name` varchar(255) CHARACTER SET utf8 COLLATE utf8_unicode_ci NOT NULL COMMENT 'Название типа',
  `created_at` datetime DEFAULT CURRENT_TIMESTAMP COMMENT 'Время создания строки',
  `updated_at` datetime DEFAULT CURRENT_TIMESTAMP ON UPDATE CURRENT_TIMESTAMP COMMENT 'Время обновления строки',
  PRIMARY KEY (`id`),
  UNIQUE KEY `name` (`name`)
) ENGINE=InnoDB AUTO_INCREMENT=4 DEFAULT CHARSET=utf8 COLLATE=utf8_unicode_ci COMMENT='Типы медиафайлов';
/*!40101 SET character_set_client = @saved_cs_client */;

--
-- Dumping data for table `media_types`
--

LOCK TABLES `media_types` WRITE;
/*!40000 ALTER TABLE `media_types` DISABLE KEYS */;
INSERT INTO `media_types` VALUES (1,'photo','2020-07-28 16:15:18','2020-07-28 16:15:18'),(2,'video','2020-07-28 16:15:18','2020-07-28 16:15:18'),(3,'audio','2020-07-28 16:15:18','2020-07-28 16:15:18');
/*!40000 ALTER TABLE `media_types` ENABLE KEYS */;
UNLOCK TABLES;

--
-- Table structure for table `messages`
--

DROP TABLE IF EXISTS `messages`;
/*!40101 SET @saved_cs_client     = @@character_set_client */;
/*!50503 SET character_set_client = utf8mb4 */;
CREATE TABLE `messages` (
  `id` int unsigned NOT NULL AUTO_INCREMENT COMMENT 'Идентификатор строки',
  `from_user_id` int unsigned NOT NULL COMMENT 'Ссылка на отправителя сообщения',
  `to_user_id` int unsigned NOT NULL COMMENT 'Ссылка на получателя сообщения',
  `body` text CHARACTER SET utf8 COLLATE utf8_unicode_ci NOT NULL COMMENT 'Текст сообщения',
  `is_important` tinyint(1) DEFAULT NULL COMMENT 'Признак важности',
  `is_delivered` tinyint(1) DEFAULT NULL COMMENT 'Признак доставки',
  `created_at` datetime DEFAULT CURRENT_TIMESTAMP COMMENT 'Время создания строки',
  `updated_at` datetime DEFAULT CURRENT_TIMESTAMP ON UPDATE CURRENT_TIMESTAMP COMMENT 'Время обновления строки',
  PRIMARY KEY (`id`)
) ENGINE=InnoDB AUTO_INCREMENT=101 DEFAULT CHARSET=utf8 COLLATE=utf8_unicode_ci COMMENT='Сообщения';
/*!40101 SET character_set_client = @saved_cs_client */;

--
-- Dumping data for table `messages`
--

LOCK TABLES `messages` WRITE;
/*!40000 ALTER TABLE `messages` DISABLE KEYS */;
INSERT INTO `messages` VALUES (1,45,49,'Corrupti voluptatem veniam voluptatibus itaque unde ex esse. Ipsum perferendis recusandae rem quisquam. Sit consequatur praesentium fugiat nisi quia magnam ut excepturi.',1,1,'2016-06-09 21:13:30','2020-07-28 16:06:43'),(2,8,91,'Sit non fuga aliquam ut commodi. Dolorem nihil eum a occaecati. Harum nobis fugiat omnis itaque sit.',1,0,'2018-02-10 06:08:37','2020-07-28 16:06:43'),(3,32,88,'Recusandae aspernatur molestiae natus eum. Commodi libero error aut. Quo est maxime incidunt hic culpa placeat. Voluptas est quo quos.',0,1,'2012-02-17 06:28:44','2020-07-28 16:06:43'),(4,43,50,'Et quia esse eaque est delectus beatae. Voluptatem labore excepturi est quia. Autem voluptas tempora velit aut id delectus. Officia consequatur optio ullam est qui nesciunt quisquam.',1,1,'2019-04-12 04:16:09','2020-07-28 16:06:43'),(5,19,47,'Tempore et et velit distinctio assumenda. Alias ipsam et tempore deserunt voluptate. Eligendi molestias illo quo aut.',1,1,'2015-07-14 13:17:11','2020-07-28 16:06:43'),(6,77,45,'Quia doloribus et assumenda enim alias totam maiores. Atque ratione quos tenetur ullam. Voluptatem vel est id qui blanditiis eaque occaecati. Aspernatur suscipit voluptatem sed quidem eum recusandae in. Aut iusto eaque perferendis molestiae explicabo.',1,1,'2015-02-27 12:05:18','2020-07-28 16:06:43'),(7,91,20,'Velit culpa qui sunt molestiae aut nihil vel quo. Ducimus illo eum accusantium aliquam aut enim quo. Est necessitatibus ullam ut earum voluptates. Et consequuntur in non.',1,0,'2018-12-16 10:05:48','2020-07-28 16:06:43'),(8,26,70,'Rerum rem quidem rerum quisquam. Quo id dicta commodi eos dolorem ut commodi. Debitis asperiores cupiditate mollitia nihil omnis et in. Adipisci et omnis maiores voluptate natus.',0,1,'2016-09-01 07:21:50','2020-07-28 16:06:43'),(9,72,48,'Magnam voluptas aut quibusdam illum blanditiis rem. Veniam vel amet sunt voluptatibus voluptatem. Dolore eos sequi harum voluptatem corporis. Dolorum nihil facilis debitis cupiditate corrupti et.',1,1,'2018-07-26 03:00:37','2020-07-28 16:06:43'),(10,23,72,'Saepe non et similique illum ipsa est placeat. Consectetur ratione facere non consequuntur ipsa. Id aperiam minus non minima accusantium alias architecto.',0,0,'2014-03-11 18:59:46','2020-07-28 16:06:43'),(11,90,34,'Atque velit nam aliquid ut. Blanditiis est eum sit ipsam consectetur veritatis deserunt. Fuga expedita illo rerum non.',1,1,'2020-06-19 02:35:39','2020-07-28 16:06:43'),(12,100,96,'Ducimus quibusdam repellendus rerum vero quidem recusandae. Voluptas voluptas consequuntur perferendis consequuntur. Voluptas explicabo commodi ex in unde. Temporibus molestiae quis eaque ex repellat non officiis.',0,0,'2018-04-30 06:14:15','2020-07-28 16:06:43'),(13,79,9,'Eos est et sunt. Qui ea consequatur perferendis nesciunt sapiente. Deleniti molestiae sed in dolor minus. Nisi autem minima et debitis voluptatem unde.',0,1,'2013-03-11 13:18:14','2020-07-28 16:06:43'),(14,4,96,'Ex quo ut mollitia rerum sequi laborum qui est. Consequatur tempore perferendis animi harum. Harum a corrupti nihil provident. Commodi eaque beatae rerum iure et.',0,0,'2011-12-31 21:48:57','2020-07-28 16:06:43'),(15,66,41,'Sequi sapiente nemo sint voluptas voluptatem est nisi. Vitae est omnis quasi aut et eum laboriosam tenetur.',1,0,'2010-12-02 13:22:31','2020-07-28 16:06:43'),(16,8,18,'Totam doloremque iure eveniet ea maxime. Cumque earum velit occaecati omnis optio qui ipsum quae. Alias fugit quo est rerum fuga.',0,0,'2019-02-18 01:02:09','2020-07-28 16:06:43'),(17,63,61,'Exercitationem eos dolorem aut voluptatibus incidunt. Fugiat quae perspiciatis aut distinctio iste. Consequatur dolores explicabo accusamus quia. Nemo deleniti inventore suscipit molestiae vitae.',0,0,'2019-07-08 17:54:24','2020-07-28 16:06:43'),(18,16,97,'Labore consequatur ipsam vel ex sed et qui minima. Aperiam exercitationem tempore expedita iusto libero qui.',1,0,'2016-10-31 14:12:36','2020-07-28 16:06:43'),(19,36,88,'Ut quas nemo omnis sapiente accusantium eos. Est molestiae unde quod fugit amet consectetur enim. Aut possimus aperiam harum maiores similique odit officia.',0,1,'2011-04-19 20:01:26','2020-07-28 16:06:43'),(20,30,88,'Repellat et mollitia error voluptates. Dolorem unde laboriosam animi velit et esse. Aliquam sed error qui officiis. Sed ab est id magnam. Nobis iste delectus laboriosam est.',1,1,'2010-09-11 11:30:09','2020-07-28 16:06:43'),(21,47,72,'Aut fugiat ipsa fugit quo. Atque porro minus qui qui facilis facilis. Dicta excepturi hic quis ea.',1,0,'2016-08-08 19:05:57','2020-07-28 16:06:43'),(22,19,77,'Tempora nesciunt delectus autem molestias reprehenderit ut eaque. Vel error ut odio consequuntur aut tempora debitis. Ducimus et provident quidem. Quia repellendus facere animi consequatur architecto sequi officia.',1,0,'2011-03-12 04:06:23','2020-07-28 16:06:43'),(23,30,17,'Sequi dolor adipisci eligendi asperiores error. Maiores sint voluptatem ut quia cum.',0,1,'2014-09-17 18:05:51','2020-07-28 16:06:43'),(24,95,25,'Voluptatem in nulla neque et qui. Id beatae recusandae autem illum. Ab vero recusandae officiis ipsam blanditiis. Accusantium molestiae aperiam dolor ut nam.',0,0,'2018-06-01 19:52:27','2020-07-28 16:06:43'),(25,38,14,'Quo ea cum aut reiciendis eum ea. Autem consequatur laborum nemo quidem laborum. Minima vero minima veritatis repudiandae.',1,0,'2010-12-27 20:53:03','2020-07-28 16:06:43'),(26,55,31,'Placeat aut officiis voluptas voluptatum quas molestiae. Non fuga laudantium repellendus ut. Qui est omnis unde nam.',1,0,'2015-08-31 18:57:58','2020-07-28 16:06:43'),(27,93,69,'Cum delectus facilis aut incidunt ratione cupiditate rerum. Qui facere culpa dicta quaerat mollitia. Sint sunt itaque tempora incidunt consequatur perspiciatis pariatur. Quia libero ullam facilis quisquam.',0,0,'2012-08-03 01:05:49','2020-07-28 16:06:43'),(28,68,30,'Vel nam omnis repudiandae non eaque natus natus. Magnam dicta nesciunt cupiditate facilis. Facilis commodi officia adipisci dolorem commodi. Assumenda ut quis minima natus magnam architecto ducimus.',0,1,'2012-06-05 20:24:51','2020-07-28 16:06:43'),(29,47,43,'Ut accusamus mollitia sapiente dolores eligendi quia at illo. Iure in est eveniet vitae. Dolorum soluta sapiente dolor.',1,0,'2019-11-14 19:13:21','2020-07-28 16:06:43'),(30,72,34,'Distinctio ea sed quaerat quae iure vel. Minima itaque ut cumque ex hic eveniet. Repellat distinctio consequuntur atque et accusantium. Placeat est voluptatem odit repellendus. Sunt ipsum nostrum occaecati rerum occaecati nemo iusto.',1,1,'2017-09-11 08:07:33','2020-07-28 16:06:43'),(31,52,57,'Aut dignissimos dolor nam voluptatum odit sit odit. Consequatur sed aliquam delectus ut vero consequatur ut. Voluptatem aut atque minima aut et. Id repudiandae reprehenderit et dolore.',1,1,'2012-11-19 20:42:41','2020-07-28 16:06:43'),(32,29,73,'Voluptas dicta sit repudiandae rerum. Consequatur ut provident sit quibusdam dicta inventore aut. Et dolores similique consequatur ut perspiciatis nam. Dolorum consectetur id eum vero maxime atque.',0,0,'2018-05-26 10:04:32','2020-07-28 16:06:43'),(33,78,69,'Quam vero voluptates corporis quas. Et maiores eveniet consequatur incidunt consequatur et. Accusantium aut quasi quis culpa modi.',1,1,'2012-05-08 04:56:45','2020-07-28 16:06:43'),(34,13,57,'Ipsa enim aut modi dolorem eaque suscipit enim. Tempora reiciendis amet fugiat qui eligendi excepturi recusandae. Sed neque autem error alias reprehenderit necessitatibus voluptatem.',1,1,'2012-07-12 08:04:02','2020-07-28 16:06:43'),(35,46,58,'Rerum quo saepe qui optio pariatur id quis. Et aut ad est ullam aut. Perferendis quia ut omnis qui. Et aliquam aut ducimus ut molestias voluptatem eius.',1,0,'2018-04-05 15:30:56','2020-07-28 16:06:43'),(36,52,83,'Ea in ab non. Nulla qui hic sed earum. Ut iure iure autem.',0,1,'2013-10-18 19:19:40','2020-07-28 16:06:43'),(37,61,56,'Cupiditate mollitia quod ad accusamus non. Dolor laboriosam architecto qui sapiente vitae. Corrupti quia illo deleniti iusto ut pariatur. Sint sunt consequuntur fugiat quibusdam architecto quo.',1,0,'2014-08-04 12:25:55','2020-07-28 16:06:43'),(38,94,4,'At dolorum omnis sit quis quidem voluptatem et. Amet qui aut amet sed.',0,0,'2019-03-26 00:30:38','2020-07-28 16:06:43'),(39,37,71,'Commodi quia non rerum at aut similique. Qui sit vero nihil atque recusandae consequatur maiores quia. Maiores quos nesciunt earum consectetur incidunt quia veniam. Qui repellendus numquam aut eaque excepturi nobis.',0,1,'2016-01-12 22:01:57','2020-07-28 16:06:43'),(40,42,100,'Sed aspernatur quaerat accusamus excepturi quos eum. Error necessitatibus et suscipit consequatur consequuntur et dolor nobis. Vel et eos accusantium atque. Quo nulla dolorem saepe nisi.',1,1,'2018-11-02 09:26:17','2020-07-28 16:06:43'),(41,73,65,'Vel aut deserunt aut. Et est voluptate delectus tenetur non asperiores. Modi voluptate enim ut eum. Error officiis possimus at officiis. Esse quia aut optio blanditiis impedit occaecati.',0,0,'2013-01-08 08:35:39','2020-07-28 16:06:43'),(42,6,34,'Voluptatum consequatur omnis quis harum. Rerum consequatur rem nesciunt itaque. Dolores qui qui nobis nulla.',1,1,'2012-11-04 11:30:35','2020-07-28 16:06:43'),(43,53,60,'Dolor dolore nihil hic neque est laudantium. Est quos omnis et quia ab illum asperiores. Soluta optio aspernatur non est porro occaecati.',1,1,'2020-07-26 06:14:16','2020-07-28 16:06:43'),(44,43,35,'Optio voluptatem aut at fuga. Illo aut iusto sit. Aut sit est at. Ipsam at et est id iste et.',0,1,'2014-11-11 14:56:36','2020-07-28 16:06:43'),(45,45,20,'Est tempora deleniti dolorem culpa sed rerum. Sunt rem ab ea. Voluptas vero quia neque nihil rerum.',1,1,'2020-03-01 11:35:48','2020-07-28 16:06:43'),(46,64,58,'Consequatur soluta sed neque pariatur hic sit. Facere rerum consequatur rerum laborum. Occaecati quisquam illum quas debitis eveniet necessitatibus. Veritatis id assumenda numquam dolor.',1,0,'2014-03-25 05:57:44','2020-07-28 16:06:43'),(47,98,18,'Quia culpa amet occaecati. Enim maxime illo distinctio esse. Non delectus vel eum nostrum magnam asperiores sed.',1,1,'2013-12-04 07:42:27','2020-07-28 16:06:43'),(48,93,13,'Sunt delectus ipsam fuga atque temporibus. Quo iste id voluptas alias. Asperiores consequatur sint iure repellat dolores id excepturi.',0,0,'2017-02-04 04:48:46','2020-07-28 16:06:43'),(49,85,86,'Illum accusantium dolores repellat labore impedit. Veniam asperiores et sit sed iste dolorum fugiat. Et modi debitis laboriosam sapiente.',1,1,'2018-11-04 07:06:38','2020-07-28 16:06:43'),(50,76,18,'Reiciendis voluptas culpa ipsum aliquid voluptatem exercitationem rerum. Ut tempore magnam et vero eum. Praesentium ratione suscipit occaecati ipsam. Necessitatibus quas accusantium natus accusantium laboriosam qui.',1,0,'2013-03-19 08:33:16','2020-07-28 16:06:43'),(51,63,61,'Sit molestias nobis natus harum qui. Itaque non dignissimos vero in deleniti. Aut voluptatum perspiciatis unde.',0,1,'2017-03-26 18:38:40','2020-07-28 16:06:43'),(52,17,99,'Cumque ipsa sed enim et quasi consequuntur perferendis. Earum aspernatur quisquam optio suscipit sunt. Sapiente dicta voluptas sapiente et molestiae aliquid dolor.',1,0,'2013-05-24 19:02:41','2020-07-28 16:06:43'),(53,42,15,'Fugit et perspiciatis voluptatibus in tenetur id ullam quod. Consequatur omnis autem molestiae nulla et dolores. Molestiae facere est fugiat ab quia minus voluptatem.',1,1,'2014-04-02 15:16:49','2020-07-28 16:06:43'),(54,50,3,'Voluptas ipsum ipsam quisquam velit quis provident. Architecto voluptatibus pariatur corrupti illo odio explicabo eveniet. Debitis a inventore saepe magni.',1,1,'2019-11-02 08:29:36','2020-07-28 16:06:43'),(55,64,11,'Ab et qui beatae hic est fugit tenetur. Tenetur iure repellat velit provident numquam quibusdam. Voluptate qui nostrum qui et.',0,0,'2019-11-19 14:50:48','2020-07-28 16:06:43'),(56,62,76,'Libero nihil qui et rerum. Ut et quasi sed ipsum. Similique fugit quae sint repellendus vero magni iure. Placeat quae totam est sed.',1,1,'2011-06-12 07:37:39','2020-07-28 16:06:43'),(57,94,40,'Odit quia itaque rerum maiores porro. Blanditiis ipsam et explicabo enim necessitatibus. Aliquid quis repellendus rerum eos.',1,0,'2012-05-16 15:13:30','2020-07-28 16:06:43'),(58,18,68,'Aut et sed sit sed ea. Numquam et eum praesentium magnam recusandae.',0,1,'2011-12-31 15:35:36','2020-07-28 16:06:43'),(59,88,36,'Ea neque a qui animi maiores suscipit temporibus. Qui qui similique dolor provident et. Iste et distinctio corrupti animi rerum ad.',0,0,'2013-12-22 06:58:54','2020-07-28 16:06:43'),(60,16,71,'Reiciendis ut et vel recusandae. Ex voluptas tenetur voluptates quisquam ut iure. Autem illo voluptate quas inventore. Impedit saepe possimus non in enim. Aut ut nemo autem expedita a vero cupiditate.',0,0,'2014-06-28 09:22:09','2020-07-28 16:06:43'),(61,4,9,'Cupiditate et delectus quia dolorem explicabo totam. Voluptatem ad eligendi sed et molestiae. Incidunt in sint quia deleniti qui at maiores ab. Quod cupiditate error non et.',1,0,'2019-06-23 03:45:58','2020-07-28 16:06:43'),(62,32,31,'Odio nesciunt pariatur in. Quidem et fugit eum repudiandae iure eveniet. Tempora exercitationem est sit consectetur impedit voluptas voluptas.',0,0,'2013-11-06 09:01:40','2020-07-28 16:06:43'),(63,58,97,'Nisi quasi dicta pariatur sint. Vitae temporibus ut tenetur. Consectetur voluptatem officia voluptatem rerum expedita eligendi suscipit. Quis nulla ea nihil mollitia enim voluptas.',0,1,'2011-11-06 07:13:07','2020-07-28 16:06:43'),(64,11,61,'Dolores asperiores non et architecto deserunt tempora eaque esse. Eaque aut fugit aperiam repellendus neque. Impedit est cum ea id asperiores dolorem. Sapiente doloribus et cupiditate quia odit exercitationem.',0,0,'2011-07-19 06:04:14','2020-07-28 16:06:43'),(65,75,88,'Autem adipisci aut distinctio dolor velit. Quas architecto itaque molestiae aut id. Sed nostrum nemo reiciendis placeat delectus est.',0,0,'2013-07-10 18:39:32','2020-07-28 16:06:43'),(66,17,19,'Corrupti sit est ut. Maxime deserunt consequatur omnis. Occaecati accusamus eum eos cupiditate.',0,1,'2014-07-29 01:31:02','2020-07-28 16:06:43'),(67,43,57,'Asperiores sunt eos repellat ipsa eos molestias ut. Atque sint ex adipisci nulla et. Provident vero consectetur quod distinctio sed aut.',0,1,'2016-06-12 01:13:28','2020-07-28 16:06:43'),(68,57,11,'Sed quos tempore quas est qui hic enim est. Inventore est cum a omnis reprehenderit reiciendis similique. Corporis dolorem quae unde dolores neque.',1,0,'2011-05-08 20:48:36','2020-07-28 16:06:43'),(69,86,94,'Expedita aut repudiandae et optio non voluptas temporibus. Officiis velit soluta sed.',0,1,'2015-06-07 14:31:20','2020-07-28 16:06:43'),(70,11,74,'Nisi sed quia magnam in libero aspernatur. Cum natus esse qui necessitatibus amet sit. Similique voluptas sapiente quis fugiat.',1,0,'2015-03-25 16:26:00','2020-07-28 16:06:43'),(71,37,63,'Reiciendis odio et et quod esse. Et tempora qui natus autem dolor in.',0,0,'2018-03-05 15:04:20','2020-07-28 16:06:43'),(72,5,33,'Voluptatem ut quis debitis pariatur eius autem. Sunt quisquam est assumenda error magni. Minima repellendus suscipit deserunt nam.',0,0,'2016-08-27 21:20:06','2020-07-28 16:06:43'),(73,49,45,'Sapiente exercitationem dicta fugit inventore blanditiis. Quisquam voluptatibus porro minus error est et.',1,1,'2017-02-09 20:25:36','2020-07-28 16:06:43'),(74,80,62,'Sed aut consectetur architecto omnis officiis ea doloribus possimus. Rerum alias modi nostrum. Doloribus repellendus iste ratione. Ratione cupiditate sequi assumenda et provident.',0,0,'2016-07-26 15:44:03','2020-07-28 16:06:43'),(75,70,65,'Ut occaecati et inventore et sit. Iusto ut pariatur odit ut impedit. Asperiores sequi ut at sit non est aliquam dolores. Alias expedita eum beatae totam quo ut aut.',0,1,'2012-08-13 05:36:37','2020-07-28 16:06:43'),(76,15,80,'Et rem debitis neque nisi neque blanditiis hic ut. In alias quo accusantium aliquid quia quos architecto et. Quasi autem veniam velit voluptates iusto eius.',0,0,'2012-07-20 03:34:41','2020-07-28 16:06:43'),(77,52,22,'Mollitia quis neque voluptatem tenetur. Sed aut rerum assumenda id qui sed rem. Iure et tenetur et ipsum voluptatum pariatur corrupti. Nisi voluptates dolorum officiis ut rerum.',1,0,'2018-04-23 20:54:07','2020-07-28 16:06:43'),(78,53,99,'Et ullam illum ducimus aut quos ut ad reiciendis. Praesentium dolores aliquam sequi qui sequi. Incidunt magni quia accusamus rerum sit quasi eligendi. Ut aut sed voluptatem molestiae illo quo maiores.',1,1,'2020-05-15 07:24:11','2020-07-28 16:06:43'),(79,33,68,'Qui quos qui ipsum incidunt consectetur nobis facilis. Quia vero eligendi in eveniet officia dolore repellendus non. Occaecati rerum quod fuga dolorum officiis tempore blanditiis. Aut et ullam atque ullam at.',1,0,'2010-11-20 21:42:58','2020-07-28 16:06:43'),(80,42,5,'Delectus animi dignissimos molestiae voluptas. Ipsam nostrum pariatur saepe eos. Deserunt maiores facere quia voluptas est. Quae voluptas repellendus laudantium autem aspernatur aut. Sed illum temporibus placeat aut vero.',1,0,'2015-07-14 03:34:25','2020-07-28 16:06:43'),(81,98,75,'Culpa mollitia tempora modi. Eligendi non consequatur hic et in.',1,0,'2011-11-06 21:14:39','2020-07-28 16:06:43'),(82,80,73,'Optio et id assumenda libero temporibus. Dolores ullam maxime molestias dolor eum aut unde. Consequatur consequuntur aut sed vel odit qui blanditiis.',0,0,'2018-09-06 20:35:14','2020-07-28 16:06:43'),(83,27,13,'Nulla ut doloribus ex. In suscipit quasi animi minus sit non. Nostrum sint amet tempore numquam.',0,1,'2015-11-06 18:42:41','2020-07-28 16:06:43'),(84,84,80,'Expedita quibusdam deserunt fugiat recusandae aperiam. Autem ut error eum magni molestias reprehenderit nostrum. In asperiores ut molestias voluptatem facere.',1,1,'2011-06-07 10:07:18','2020-07-28 16:06:43'),(85,46,92,'Cum quae itaque unde mollitia architecto magni blanditiis. Aut architecto velit in quod. Repellendus non dolorem dolor quo quo velit voluptatibus. Quod non suscipit labore blanditiis impedit aut rem.',0,0,'2013-06-26 20:07:57','2020-07-28 16:06:43'),(86,20,23,'Quia quo blanditiis qui enim consequatur. Et nulla distinctio ea. Non veritatis delectus nihil sed fugit quam aut.',0,0,'2017-05-27 11:12:36','2020-07-28 16:06:43'),(87,54,2,'Inventore et possimus ipsam consequuntur. Ex quos unde quo laborum qui asperiores soluta. Velit est libero rerum esse soluta dolores fugit sed. Distinctio saepe et et laudantium magnam laudantium sit.',0,0,'2016-07-31 15:05:15','2020-07-28 16:06:43'),(88,49,36,'Mollitia quia ad similique tempora autem. Repellendus alias quasi quia dolores commodi expedita consequatur. In sunt et sint consequatur. Eos aut et nostrum non quia pariatur voluptatem.',0,1,'2020-05-11 00:30:18','2020-07-28 16:06:43'),(89,35,64,'Nobis exercitationem eum tenetur repellendus quam quo voluptatem autem. Odio magni magnam sit laudantium magnam totam. Eaque cupiditate et voluptatem facere culpa consequatur.',0,0,'2011-07-23 10:48:16','2020-07-28 16:06:43'),(90,17,91,'Tempore deleniti sunt laudantium voluptas eaque. Sed est beatae quia et porro quisquam. Ut aspernatur corporis odio placeat. Voluptas et fugit id iusto quis.',1,1,'2013-03-17 18:12:57','2020-07-28 16:06:43'),(91,3,42,'Reiciendis ad quam assumenda dolores excepturi. Porro reprehenderit aliquam aliquid sint voluptas. Qui recusandae error nemo quia atque. Porro id culpa autem dignissimos culpa atque.',1,0,'2013-04-07 06:22:51','2020-07-28 16:06:43'),(92,2,83,'Nam quod id eos magni numquam. Eaque qui reprehenderit ipsum accusamus est laudantium. Et tempore tenetur dolorem qui sit omnis. Ut exercitationem amet eum cumque voluptatum.',1,0,'2011-04-04 02:21:35','2020-07-28 16:06:43'),(93,6,82,'Voluptas placeat pariatur dicta neque. Natus esse vel modi aut est. Ipsam quis omnis praesentium sit corporis.',0,0,'2019-10-27 15:33:58','2020-07-28 16:06:43'),(94,93,17,'Omnis quasi et nulla et debitis dolorum illum. Illum assumenda assumenda dolorem vero quis rerum quia. Mollitia sunt voluptatem ipsum.',1,0,'2014-04-19 13:30:18','2020-07-28 16:06:43'),(95,5,76,'Expedita porro quis itaque sit. Et voluptatem quas natus nulla earum. Ratione et quod sed necessitatibus.',1,0,'2019-03-10 21:40:02','2020-07-28 16:06:43'),(96,63,88,'Et iusto sequi et molestiae ut. Similique voluptas explicabo qui. Aperiam minus similique non expedita excepturi quas.',1,1,'2012-11-07 03:45:05','2020-07-28 16:06:43'),(97,51,89,'Iusto tempore quis quia quo aut totam. Aut voluptas totam nihil quibusdam nulla.',1,0,'2020-01-16 23:51:28','2020-07-28 16:06:43'),(98,90,83,'Sint assumenda aut dolorem alias. Deleniti omnis rerum enim non id. Quas odio non dolorum natus et accusantium accusantium non. Aut dolores omnis amet minus.',0,0,'2014-09-21 22:21:35','2020-07-28 16:06:43'),(99,44,73,'Veritatis doloribus sed omnis praesentium tempore dolorem veniam. Sunt sit nesciunt qui in. Ex cum ut saepe eaque corporis quia.',0,1,'2019-11-23 14:04:56','2020-07-28 16:06:43'),(100,30,30,'Fugiat incidunt commodi ex ad. Eligendi nobis rerum dolorem non assumenda.',1,0,'2015-04-15 20:23:45','2020-07-28 16:06:43');
/*!40000 ALTER TABLE `messages` ENABLE KEYS */;
UNLOCK TABLES;

--
-- Table structure for table `profiles`
--

DROP TABLE IF EXISTS `profiles`;
/*!40101 SET @saved_cs_client     = @@character_set_client */;
/*!50503 SET character_set_client = utf8mb4 */;
CREATE TABLE `profiles` (
  `user_id` int unsigned NOT NULL,
  `gender` char(1) CHARACTER SET utf8 COLLATE utf8_unicode_ci NOT NULL,
  `birthday` date DEFAULT NULL,
  `city` varchar(150) CHARACTER SET utf8 COLLATE utf8_unicode_ci DEFAULT NULL,
  `country` varchar(150) CHARACTER SET utf8 COLLATE utf8_unicode_ci DEFAULT NULL,
  `created_at` datetime DEFAULT CURRENT_TIMESTAMP,
  `updated_at` datetime DEFAULT CURRENT_TIMESTAMP ON UPDATE CURRENT_TIMESTAMP,
  PRIMARY KEY (`user_id`)
) ENGINE=InnoDB DEFAULT CHARSET=utf8 COLLATE=utf8_unicode_ci;
/*!40101 SET character_set_client = @saved_cs_client */;

--
-- Dumping data for table `profiles`
--

LOCK TABLES `profiles` WRITE;
/*!40000 ALTER TABLE `profiles` DISABLE KEYS */;
INSERT INTO `profiles` VALUES (1,'m','2011-02-10','Mullerland','Kenya','2012-10-31 10:06:10','2014-10-08 23:46:28'),(2,'m','1985-07-06','Granvilleport','Palestinian Territory','2010-07-28 20:21:37','2013-06-04 05:24:27'),(3,'f','1961-03-06','Velvatown','Italy','2017-12-11 12:37:57','2020-07-28 16:05:59'),(4,'f','1947-07-23','Boganmouth','Poland','2012-01-19 14:04:34','2020-03-02 06:21:41'),(5,'f','1965-01-10','Gleichnerfort','Seychelles','2019-04-07 03:21:00','2020-07-28 16:05:59'),(6,'f','1986-05-01','Torphaven','Latvia','2020-04-30 18:38:10','2020-07-28 16:05:59'),(7,'m','1937-06-19','New Alvahfort','Guadeloupe','2012-10-14 17:17:21','2020-07-28 16:05:59'),(8,'m','1975-08-01','Jeanieport','Switzerland','2014-01-13 07:27:09','2018-04-19 20:57:32'),(9,'m','1961-05-22','North Aracelyhaven','Guam','2013-07-29 00:59:47','2015-11-23 17:59:46'),(10,'f','1963-02-23','Lindgrenfurt','Guyana','2019-04-25 13:46:57','2020-07-28 16:05:59'),(11,'f','1993-09-24','Hesterchester','Nigeria','2014-01-04 01:19:51','2020-07-28 16:05:59'),(12,'f','2015-11-17','New Shyanne','Macao','2010-10-05 03:20:54','2019-12-12 06:37:32'),(13,'m','1927-04-23','North Cortezton','Indonesia','2015-08-07 13:18:52','2019-03-14 22:25:03'),(14,'m','1971-06-30','Destineyside','Seychelles','2011-04-09 16:35:43','2018-03-11 11:54:23'),(15,'f','1999-05-16','Alessandrachester','Spain','2018-05-31 14:40:22','2020-07-28 16:05:59'),(16,'m','1992-06-08','Bridgetbury','Cote d\'Ivoire','2017-05-26 12:14:40','2020-07-28 16:05:59'),(17,'m','2014-02-24','Naderchester','El Salvador','2017-01-13 00:59:50','2020-07-28 16:05:59'),(18,'f','1931-12-10','Osinskiberg','Guyana','2015-08-17 13:43:49','2017-01-14 16:04:34'),(19,'m','2002-07-07','Wolfchester','Namibia','2017-04-23 08:46:06','2020-07-28 16:05:59'),(20,'f','1972-01-22','West Destinberg','Cote d\'Ivoire','2016-08-04 04:47:44','2020-07-28 16:05:59'),(21,'f','1950-11-05','Veronastad','Australia','2019-07-19 03:30:57','2020-07-28 16:05:59'),(22,'m','1938-06-29','South Arnebury','Monaco','2018-03-29 01:55:57','2020-07-28 16:05:59'),(23,'f','1942-11-28','Delmerfurt','Saint Helena','2014-08-17 19:47:53','2020-07-28 16:05:59'),(24,'m','1984-09-23','Hughbury','Singapore','2014-05-26 18:48:50','2020-07-28 16:05:59'),(25,'m','1967-11-07','Port Jamar','Sri Lanka','2020-04-06 10:58:43','2020-07-28 16:05:59'),(26,'f','1931-12-08','West Eloisa','Colombia','2012-01-26 15:48:28','2020-07-28 16:05:59'),(27,'m','1956-06-20','Lake Elinor','Burundi','2011-03-25 20:49:20','2020-07-28 16:05:59'),(28,'m','1934-01-02','East Landen','Cote d\'Ivoire','2017-04-20 00:53:32','2020-07-28 16:05:59'),(29,'m','1995-06-20','Gillianburgh','Guernsey','2019-06-19 19:19:32','2020-07-28 16:05:59'),(30,'f','1976-10-09','New Jazminport','Cambodia','2012-10-14 20:05:04','2015-02-15 08:40:13'),(31,'f','1928-06-10','South Bonita','Syrian Arab Republic','2011-02-27 10:56:42','2013-07-18 14:11:49'),(32,'m','2020-05-15','South Paulastad','Djibouti','2014-02-20 12:09:43','2018-02-14 13:04:01'),(33,'m','1976-05-31','East Alize','Cyprus','2019-01-22 06:55:13','2020-07-28 16:05:59'),(34,'m','1961-03-17','Rosenbaumbury','Falkland Islands (Malvinas)','2010-10-20 06:51:33','2019-09-25 10:08:54'),(35,'f','1990-03-15','New Wilbertberg','Albania','2013-06-14 01:48:51','2020-07-28 16:05:59'),(36,'m','1959-06-26','North Jabarimouth','Burkina Faso','2013-12-24 07:00:19','2020-07-28 16:05:59'),(37,'m','1981-10-07','Keelingbury','Moldova','2016-11-20 15:37:40','2020-07-28 16:05:59'),(38,'m','1951-01-15','Vandervortfurt','Azerbaijan','2018-09-13 03:22:58','2020-07-28 16:05:59'),(39,'f','1965-11-12','Port Tatum','Qatar','2014-06-25 15:53:56','2020-07-28 16:05:59'),(40,'m','1979-08-11','West Maida','Ghana','2016-08-03 11:46:41','2020-07-28 16:05:59'),(41,'f','2008-08-22','West Shaylee','Western Sahara','2015-02-25 10:50:13','2020-07-28 16:05:59'),(42,'m','1958-10-04','Millerside','Turkey','2015-10-16 21:04:13','2019-02-07 07:20:57'),(43,'f','1984-06-07','Lake Maureenville','Fiji','2016-05-11 04:20:08','2017-01-03 14:46:27'),(44,'m','1942-08-17','Cadeberg','Tanzania','2020-01-19 04:01:41','2020-07-28 16:05:59'),(45,'f','1975-08-18','East Magdalen','Cyprus','2014-08-29 03:09:40','2020-07-28 16:05:59'),(46,'f','1975-09-07','New Dejuan','United Kingdom','2016-12-31 19:26:11','2019-11-07 19:44:05'),(47,'f','1926-09-20','South Owen','Georgia','2011-09-05 21:56:00','2016-07-25 00:04:03'),(48,'m','1977-11-14','Rodgerland','Solomon Islands','2020-04-06 04:54:58','2020-07-28 16:05:59'),(49,'f','2019-07-24','Haagtown','Denmark','2012-11-09 14:37:51','2017-08-04 15:20:30'),(50,'f','1938-09-20','Joland','Mongolia','2014-03-05 14:07:51','2020-07-28 16:05:59'),(51,'f','1997-03-28','New Quintenmouth','Dominican Republic','2017-03-24 03:11:14','2020-07-12 11:04:10'),(52,'f','2010-02-27','North Josie','Italy','2012-03-19 23:16:01','2017-08-25 14:21:21'),(53,'f','1920-10-07','Mozellebury','Cape Verde','2013-07-26 11:40:15','2018-03-07 19:53:45'),(54,'f','1976-06-14','Port Chanelletown','Guinea','2018-09-02 15:04:13','2020-07-28 16:05:59'),(55,'f','1977-09-06','Haliemouth','Mauritius','2015-11-01 15:53:37','2020-07-28 16:05:59'),(56,'f','1922-01-29','Lake Cathryn','British Indian Ocean Territory (Chagos Archipelago)','2020-04-05 01:56:59','2020-07-28 16:05:59'),(57,'m','2016-04-08','West Carlotta','Liechtenstein','2017-09-21 16:05:43','2019-01-09 08:38:57'),(58,'m','1961-01-08','New Richieburgh','Gambia','2019-10-26 17:55:57','2019-12-14 20:35:47'),(59,'f','1963-10-05','East Hailey','Taiwan','2017-10-21 02:34:28','2017-11-24 02:11:27'),(60,'f','1984-05-25','South Devin','Cameroon','2011-02-23 06:03:12','2016-01-26 23:26:44'),(61,'m','1935-04-16','East Oralton','Belgium','2014-05-16 13:47:18','2017-12-03 01:14:15'),(62,'f','1998-06-03','East Lela','French Southern Territories','2013-05-23 01:18:07','2020-07-28 16:05:59'),(63,'m','1987-03-12','Keelingshire','Zambia','2011-05-13 17:44:51','2013-10-02 17:04:28'),(64,'m','2001-09-30','North Alekburgh','China','2018-09-13 12:02:45','2020-07-28 16:05:59'),(65,'f','1927-07-12','Filomenaport','Palestinian Territory','2012-10-28 06:50:13','2020-07-28 16:05:59'),(66,'m','2005-08-11','Magaliburgh','Malawi','2012-04-28 18:35:08','2020-07-28 16:05:59'),(67,'m','2007-12-01','Elinorport','Benin','2012-04-12 04:26:40','2017-04-13 17:56:03'),(68,'f','1958-07-07','North Erling','Palestinian Territory','2016-08-24 07:48:38','2020-07-28 16:05:59'),(69,'f','1965-03-24','Holliston','Bouvet Island (Bouvetoya)','2011-04-23 01:40:36','2016-09-05 15:04:36'),(70,'f','1931-08-24','Jerdechester','Guinea','2012-07-11 06:25:25','2020-06-24 10:58:43'),(71,'m','1932-08-18','Connfort','Tonga','2013-05-05 02:32:56','2020-07-28 16:05:59'),(72,'f','2011-05-14','Faystad','South Georgia and the South Sandwich Islands','2016-08-05 07:38:31','2020-07-28 16:05:59'),(73,'m','1934-07-09','Jenkinsberg','Holy See (Vatican City State)','2011-11-28 20:57:50','2015-07-01 22:56:50'),(74,'m','2014-08-16','West Dougmouth','Slovakia (Slovak Republic)','2012-11-17 14:25:17','2017-04-23 18:03:37'),(75,'f','1965-09-22','Alivialand','Singapore','2018-06-22 08:03:17','2020-07-28 16:05:59'),(76,'m','2012-08-24','Port Yoshiko','Venezuela','2015-01-14 09:49:17','2020-07-28 16:05:59'),(77,'f','1969-10-28','Colemouth','Sierra Leone','2012-06-05 15:44:48','2018-11-14 20:17:13'),(78,'m','1987-06-08','Madieberg','Taiwan','2013-01-25 06:00:10','2013-04-23 01:36:34'),(79,'f','2011-02-02','East Laisha','Mali','2012-09-18 06:33:10','2017-03-10 01:09:59'),(80,'m','1962-03-18','Lueilwitzfort','Cote d\'Ivoire','2016-05-02 10:48:02','2018-03-07 13:34:07'),(81,'m','1996-01-30','West Saulshire','Bolivia','2011-04-06 17:26:05','2013-09-28 07:35:03'),(82,'f','1972-11-18','O\'Connellborough','Greece','2015-09-28 19:25:59','2017-11-22 00:08:50'),(83,'m','1945-01-18','North Macey','Angola','2011-02-16 12:09:03','2015-09-25 13:37:45'),(84,'m','1953-08-19','Mabelhaven','Cook Islands','2012-02-16 20:12:13','2013-07-06 14:42:05'),(85,'f','1997-11-28','Bogisichview','Luxembourg','2013-06-25 08:35:27','2020-07-28 16:05:59'),(86,'f','1956-04-06','South Madie','Maldives','2012-01-25 17:04:54','2017-07-27 22:05:37'),(87,'f','1943-01-18','Weissnatville','Ghana','2013-02-11 16:44:10','2020-07-28 16:05:59'),(88,'m','1954-07-22','East Mercedesport','Solomon Islands','2019-04-03 05:22:17','2020-07-28 16:05:59'),(89,'f','1925-12-03','O\'Reillyburgh','Cook Islands','2015-12-01 03:29:24','2016-05-04 11:45:45'),(90,'f','1943-06-04','Melvinaburgh','Belarus','2012-07-19 21:43:15','2016-05-11 17:27:01'),(91,'m','1998-06-21','West Stephaniaville','Gibraltar','2020-05-18 19:02:57','2020-07-28 16:05:59'),(92,'f','1927-09-24','Abbottland','Hungary','2011-02-24 19:57:15','2018-04-28 01:50:46'),(93,'f','1958-12-27','East Jensenmouth','Antigua and Barbuda','2018-08-23 12:46:50','2020-07-28 16:05:59'),(94,'m','1957-03-31','East Sophiemouth','Western Sahara','2010-08-01 18:17:25','2016-02-08 04:13:28'),(95,'f','1997-03-01','West Kyleehaven','Bosnia and Herzegovina','2013-08-12 08:00:58','2020-07-28 16:05:59'),(96,'m','1936-03-02','Reidborough','Iraq','2014-09-22 18:29:08','2020-07-28 16:05:59'),(97,'m','1950-01-08','Padbergborough','Azerbaijan','2012-11-17 17:36:33','2020-07-28 16:05:59'),(98,'f','1999-09-29','Havenside','Tokelau','2011-02-22 12:51:10','2018-03-16 07:09:49'),(99,'m','2015-03-19','South Candidoberg','Haiti','2015-09-19 13:22:11','2017-12-06 01:58:56'),(100,'m','1972-04-18','Lake Gabrielland','Holy See (Vatican City State)','2016-02-11 06:12:46','2020-07-28 16:05:59');
/*!40000 ALTER TABLE `profiles` ENABLE KEYS */;
UNLOCK TABLES;

--
-- Table structure for table `users`
--

DROP TABLE IF EXISTS `users`;
/*!40101 SET @saved_cs_client     = @@character_set_client */;
/*!50503 SET character_set_client = utf8mb4 */;
CREATE TABLE `users` (
  `id` int unsigned NOT NULL AUTO_INCREMENT,
  `first_name` varchar(100) CHARACTER SET utf8 COLLATE utf8_unicode_ci NOT NULL,
  `last_name` varchar(100) CHARACTER SET utf8 COLLATE utf8_unicode_ci NOT NULL,
  `email` varchar(150) CHARACTER SET utf8 COLLATE utf8_unicode_ci NOT NULL,
  `phone` varchar(20) CHARACTER SET utf8 COLLATE utf8_unicode_ci NOT NULL,
  `created_at` datetime DEFAULT CURRENT_TIMESTAMP,
  `updated_at` datetime DEFAULT CURRENT_TIMESTAMP ON UPDATE CURRENT_TIMESTAMP,
  PRIMARY KEY (`id`),
  UNIQUE KEY `email` (`email`),
  UNIQUE KEY `phone` (`phone`)
) ENGINE=InnoDB AUTO_INCREMENT=101 DEFAULT CHARSET=utf8 COLLATE=utf8_unicode_ci;
/*!40101 SET character_set_client = @saved_cs_client */;

--
-- Dumping data for table `users`
--

LOCK TABLES `users` WRITE;
/*!40000 ALTER TABLE `users` DISABLE KEYS */;
INSERT INTO `users` VALUES (1,'Shawna','Hermiston','elna.ferry@example.org','(270)574-9768','2017-05-10 16:55:48','2020-07-28 16:05:24'),(2,'Gregg','Howell','jhuels@example.com','(483)920-6446x141','2014-02-06 08:42:18','2019-05-28 15:17:39'),(3,'Jordane','Ward','sophie.cormier@example.com','(707)210-9474','2014-08-14 23:55:34','2020-07-28 16:05:24'),(4,'Fredrick','Rempel','ivy.steuber@example.com','311.774.1579','2013-01-17 20:58:32','2020-07-28 16:05:24'),(5,'Demarcus','Steuber','davis.emmalee@example.com','294-149-9579x06518','2017-10-15 00:03:19','2020-07-28 16:05:24'),(6,'Adolf','Dickens','istanton@example.com','1-013-587-0548','2018-02-16 03:24:44','2020-07-28 16:05:24'),(7,'Josefina','Huels','bosco.glen@example.org','007-709-4986','2015-02-25 23:57:39','2020-07-28 16:05:24'),(8,'Cathryn','Nicolas','hintz.linda@example.net','(407)587-6094x6304','2018-06-14 09:43:02','2020-07-28 16:05:24'),(9,'Ciara','Zulauf','rthompson@example.net','979.467.3687x47864','2018-07-07 10:31:24','2019-02-10 10:17:34'),(10,'Katrine','Kuhic','carleton.ankunding@example.com','(378)095-1539','2018-06-17 23:15:20','2020-07-28 16:05:24'),(11,'Zachary','Marquardt','nkulas@example.org','477.305.1871','2019-04-22 16:02:41','2020-07-28 16:05:24'),(12,'Jarrell','Kshlerin','annabelle.pfannerstill@example.org','(668)415-4624x70151','2011-11-05 02:40:42','2015-10-04 14:38:10'),(13,'Lyla','Treutel','nheaney@example.org','835-764-5027x00326','2020-05-27 23:31:10','2020-07-28 16:05:24'),(14,'Bettye','Rau','holden83@example.org','1-618-119-7837x554','2018-12-08 14:38:05','2020-07-28 16:05:24'),(15,'Jess','Orn','mstracke@example.com','(340)544-0688x793','2019-11-08 20:29:28','2020-07-28 16:05:24'),(16,'Destiney','Romaguera','wondricka@example.com','1-685-725-1136x103','2010-12-01 12:34:43','2017-01-27 20:50:59'),(17,'Dalton','Powlowski','sporer.electa@example.net','(732)573-5574','2014-03-26 11:04:58','2015-05-24 18:36:09'),(18,'Hollie','Breitenberg','hilll.sebastian@example.com','1-434-259-7575x7209','2017-12-26 07:29:13','2020-07-28 16:05:24'),(19,'Jeff','Christiansen','uschultz@example.org','174-703-4671x912','2015-03-29 02:52:44','2015-06-03 19:20:24'),(20,'Adelia','Torphy','lstracke@example.org','(093)949-4401','2011-04-09 07:28:37','2012-06-06 06:56:27'),(21,'Bartholome','Goyette','hirthe.julien@example.org','940-448-5564x146','2016-10-13 00:20:28','2020-07-28 16:05:24'),(22,'Kelsi','Hackett','shagenes@example.net','145-806-4407x3564','2011-08-06 21:12:53','2020-05-08 01:00:33'),(23,'Gilberto','Corwin','treva.fahey@example.net','1-787-145-6643x264','2016-09-24 12:54:03','2020-07-28 16:05:24'),(24,'Serena','Leannon','wpacocha@example.org','697-481-8852x066','2017-11-18 22:24:46','2020-07-28 16:05:24'),(25,'Crawford','Casper','marks.sadye@example.org','710-359-2088','2011-03-30 14:38:07','2013-03-26 06:22:34'),(26,'Cydney','Kihn','andreanne.ziemann@example.com','(971)644-2594x37838','2013-05-12 03:03:01','2020-07-28 16:05:24'),(27,'Nils','Rodriguez','reynolds.nannie@example.com','1-141-485-4543','2011-04-08 18:33:51','2016-03-13 20:09:24'),(28,'Kira','Leannon','emile47@example.net','581-834-0852','2014-09-02 06:46:49','2018-12-06 10:54:17'),(29,'Ward','Towne','kasandra.wunsch@example.net','419.297.2217','2015-03-19 11:27:01','2018-03-04 01:08:53'),(30,'Porter','Mitchell','cquigley@example.org','(089)167-7381x2285','2011-02-04 06:07:23','2011-09-17 11:00:40'),(31,'Pat','Stehr','layla16@example.net','1-036-480-0570','2017-12-30 03:36:59','2020-07-28 16:05:24'),(32,'Scarlett','Heidenreich','stuart75@example.com','856.086.8282x290','2015-04-10 23:20:16','2015-06-07 20:24:15'),(33,'Eden','Spinka','hailie41@example.com','894-641-2800','2014-05-28 23:00:28','2017-08-10 17:17:58'),(34,'Vinnie','Schuster','sturcotte@example.com','1-348-006-0792x554','2015-12-27 21:10:58','2016-09-24 17:17:31'),(35,'Mozelle','Hand','rau.lucio@example.org','974.670.0001x833','2019-05-23 08:17:09','2020-07-28 16:05:24'),(36,'Ada','Flatley','delores.schmitt@example.com','(719)589-1087','2016-11-30 07:16:04','2020-07-28 16:05:24'),(37,'Madisyn','Stoltenberg','angelo.luettgen@example.net','889.079.2941x634','2019-11-10 04:06:59','2020-07-28 16:05:24'),(38,'Bennett','Borer','ftillman@example.net','06756256476','2020-07-27 12:19:45','2020-07-28 16:05:24'),(39,'Price','Schimmel','mark.ortiz@example.com','(616)510-8366x526','2017-08-23 19:49:34','2017-08-25 03:30:12'),(40,'Alberto','Upton','kemmer.noemi@example.org','579-077-9765x872','2020-02-13 10:02:17','2020-07-28 16:05:24'),(41,'Krista','McLaughlin','dare.misty@example.net','792.147.3951x44847','2010-12-11 02:44:27','2011-01-26 08:32:00'),(42,'Telly','Pouros','vaughn.reilly@example.net','234.942.2636','2017-07-24 18:22:31','2020-07-28 16:05:24'),(43,'Eudora','Bauch','kyra43@example.com','+96(8)3957360685','2012-03-12 16:44:01','2012-03-28 09:04:44'),(44,'Jadyn','Rohan','ebeatty@example.net','+83(2)7034202690','2016-07-16 06:55:56','2020-07-28 16:05:24'),(45,'Nicklaus','Ferry','werner.hand@example.com','(416)067-6494','2019-09-17 07:26:28','2020-07-28 16:05:24'),(46,'Natalie','Bayer','gerhold.tianna@example.com','087-421-6212x00208','2012-10-09 08:24:30','2018-12-28 20:16:48'),(47,'Anabelle','Blick','bernadette07@example.org','1-402-646-5752x7340','2012-03-28 17:27:20','2016-10-07 15:57:48'),(48,'Linwood','Bruen','valentina.fay@example.org','+91(8)4613279392','2015-06-30 10:55:11','2018-06-28 10:21:20'),(49,'Bonnie','Fahey','angela.mccullough@example.net','177-127-5333','2012-05-10 01:04:08','2020-07-28 16:05:24'),(50,'Karson','Gibson','anya04@example.net','(566)502-2379','2020-01-16 18:02:14','2020-07-28 16:05:24'),(51,'Philip','Ortiz','alysa.donnelly@example.com','+62(2)9651264804','2019-08-19 01:33:33','2020-07-28 16:05:24'),(52,'Giovanni','Ernser','dicki.demarco@example.com','609.557.2931','2012-01-13 11:46:27','2017-11-19 14:39:17'),(53,'Tony','Mosciski','danyka34@example.com','601.399.3840x7441','2010-10-25 07:24:43','2020-07-28 16:05:24'),(54,'Finn','Klein','zoila07@example.net','1-229-696-1412x0017','2016-08-30 14:21:37','2019-08-12 14:52:30'),(55,'Elroy','Schneider','miller.annette@example.com','317.520.0090','2019-01-03 04:42:31','2020-07-28 16:05:24'),(56,'Annalise','Hackett','ines.bergnaum@example.net','(508)204-5951x69233','2012-09-02 16:46:41','2020-07-28 16:05:24'),(57,'Lorine','Robel','cooper14@example.net','+67(6)5179063983','2011-11-10 16:44:39','2019-04-26 12:09:53'),(58,'Syble','Cummings','rasheed60@example.net','381-282-0231','2012-01-17 12:02:08','2018-07-22 10:47:23'),(59,'Magali','Renner','anastacio29@example.net','519.890.3277','2014-05-29 12:50:13','2020-07-28 16:05:24'),(60,'Leonora','Bauch','dubuque.herta@example.org','(898)857-4721x317','2016-01-11 18:57:42','2020-07-28 16:05:24'),(61,'Ophelia','Wiegand','collier.lambert@example.com','+18(4)3103394485','2017-01-17 23:44:40','2020-07-28 16:05:24'),(62,'Ulices','Kilback','alfonzo.weber@example.com','1-317-607-5711','2019-04-23 13:36:29','2020-07-28 16:05:24'),(63,'Kacey','Mitchell','abernathy.dorthy@example.net','1-406-094-6148x024','2015-06-20 14:35:57','2019-11-06 18:07:27'),(64,'Esta','Hettinger','gcollier@example.net','+27(6)2028971523','2014-07-17 15:08:26','2020-07-28 16:05:24'),(65,'Osvaldo','Abernathy','bartholome.kuhn@example.net','1-636-487-6015x997','2017-04-19 15:01:29','2020-07-28 16:05:24'),(66,'Ward','West','irwin.mckenzie@example.net','(114)865-2184x828','2016-10-07 19:43:42','2018-08-24 06:14:36'),(67,'Casandra','Weimann','jlegros@example.org','662.583.1417','2014-08-13 14:43:41','2020-07-28 16:05:24'),(68,'Gerald','Kshlerin','mkling@example.org','1-653-049-9644x0553','2012-01-09 02:44:26','2018-02-24 08:31:33'),(69,'June','Doyle','quitzon.douglas@example.org','1-598-192-7903x991','2014-11-20 17:55:26','2020-07-28 16:05:24'),(70,'Sonia','Eichmann','llewellyn.romaguera@example.org','(779)613-7860','2017-09-03 13:47:08','2020-07-28 16:05:24'),(71,'Breanna','Stark','kyla.erdman@example.org','998.277.8465x6769','2018-01-17 12:41:10','2020-07-28 16:05:24'),(72,'Lelia','Von','gay04@example.net','1-878-458-2365x596','2015-07-17 11:23:11','2020-07-28 16:05:24'),(73,'Logan','Reichel','ukuhic@example.org','+73(0)5741832958','2010-08-12 03:53:56','2013-06-05 21:12:55'),(74,'Kasey','Hane','halie.herzog@example.org','114-300-1401','2016-06-21 02:17:37','2020-07-28 16:05:24'),(75,'Violet','Boyle','ona.wyman@example.net','1-986-817-6583','2020-03-03 09:27:35','2020-07-28 16:05:24'),(76,'Noel','Nolan','jovany.becker@example.org','981.815.9057','2018-06-24 17:59:46','2019-04-01 19:31:52'),(77,'Annetta','Luettgen','epadberg@example.com','07106079943','2019-09-29 15:38:34','2020-07-28 16:05:24'),(78,'Andrew','Waters','qschmidt@example.net','(104)910-9946x29996','2015-10-09 22:23:32','2020-07-28 16:05:24'),(79,'Elwyn','Rowe','cstracke@example.net','1-177-209-4834x58988','2015-03-14 10:45:14','2020-07-28 16:05:24'),(80,'Shanon','Stark','brant.cruickshank@example.net','(999)414-0298x500','2018-01-10 23:51:43','2020-07-28 16:05:24'),(81,'Rolando','Conroy','sborer@example.com','(736)206-7352x3117','2020-04-26 20:34:38','2020-07-28 16:05:24'),(82,'Alberto','Adams','schmitt.damien@example.com','00278872741','2010-10-13 01:20:38','2014-09-03 22:08:54'),(83,'Kenton','Green','harris.ivory@example.com','+43(8)2025361527','2019-10-11 22:06:30','2020-07-28 16:05:24'),(84,'Lue','Howe','destin19@example.net','1-281-585-9916x9994','2018-01-14 08:41:48','2020-07-28 16:05:24'),(85,'Carolyne','Wehner','spowlowski@example.com','1-936-978-1962x428','2014-07-07 08:30:03','2020-05-03 06:39:03'),(86,'Magali','Hodkiewicz','jorge.stanton@example.net','595-722-9578x2742','2018-03-14 07:41:17','2020-07-28 16:05:24'),(87,'Clarabelle','Hamill','king.veum@example.com','214.525.2207x171','2015-01-25 20:49:12','2020-07-28 16:05:24'),(88,'Milan','Block','ed.mertz@example.org','132.046.3624','2011-06-19 13:11:37','2013-01-23 17:01:39'),(89,'Gregory','Hilpert','urath@example.net','(472)925-4429x24755','2010-09-07 07:59:23','2017-09-11 12:54:46'),(90,'Drew','VonRueden','marcia.torp@example.org','279.954.8860','2013-03-07 23:29:13','2014-01-30 00:43:21'),(91,'Emelia','Baumbach','justina.hoeger@example.net','114.715.9808','2010-09-30 12:49:34','2012-03-11 10:03:40'),(92,'Camren','Mitchell','brad98@example.org','(795)599-9050','2010-10-23 03:49:32','2016-04-04 08:20:02'),(93,'Arnoldo','Kirlin','madalyn40@example.org','1-862-113-9350x82179','2017-05-01 20:23:56','2019-04-18 11:49:26'),(94,'Alexzander','Johnson','bartell.nash@example.org','943-164-7855','2012-12-27 08:45:46','2020-07-28 16:05:24'),(95,'Bridgette','Bayer','dahlia35@example.org','686-042-5478x08543','2012-04-05 04:16:27','2014-02-19 00:05:52'),(96,'Kurt','Daniel','lillie.hudson@example.net','(137)248-2767x69828','2014-06-05 04:43:57','2020-07-28 16:05:24'),(97,'Coralie','O\'Hara','hbogisich@example.org','1-915-145-0750x3865','2020-07-11 07:37:00','2020-07-28 16:05:24'),(98,'Jacinthe','Kunde','reichert.rebeca@example.net','+23(0)4826495233','2020-07-14 16:05:15','2020-07-28 16:05:24'),(99,'Gunner','Kuhn','wuckert.unique@example.net','1-930-451-0355','2016-01-24 09:17:57','2017-02-17 16:25:17'),(100,'Pattie','Bergnaum','emmalee.feeney@example.net','(370)353-4291','2018-06-29 14:29:59','2020-07-28 16:05:24');
/*!40000 ALTER TABLE `users` ENABLE KEYS */;
UNLOCK TABLES;
/*!40103 SET TIME_ZONE=@OLD_TIME_ZONE */;

/*!40101 SET SQL_MODE=@OLD_SQL_MODE */;
/*!40014 SET FOREIGN_KEY_CHECKS=@OLD_FOREIGN_KEY_CHECKS */;
/*!40014 SET UNIQUE_CHECKS=@OLD_UNIQUE_CHECKS */;
/*!40101 SET CHARACTER_SET_CLIENT=@OLD_CHARACTER_SET_CLIENT */;
/*!40101 SET CHARACTER_SET_RESULTS=@OLD_CHARACTER_SET_RESULTS */;
/*!40101 SET COLLATION_CONNECTION=@OLD_COLLATION_CONNECTION */;
/*!40111 SET SQL_NOTES=@OLD_SQL_NOTES */;

-- Dump completed on 2020-07-29  9:23:46
